,0,$2b$12$27UwPtgiv4tfLS6OKGzlau0pYK0OJmQdNdbMOn9Rcv2uSIRbQd1ba,陳冠霖,02-78240971,xiuying79@test.com,1,2024-05-01 03:28:46,female,台灣,台北市,大安區,雲和街,1號,,,1980-04-15
,0,$2b$12$lodCuSAqwgd4BS2EodOc7uOnzFzzqetBExs6gUSiaCT.YNdRN37uu,冷美玲,0916535278,xshen@test.com,1,2024-04-21 06:14:29,male,台灣,台北市,大安區,雲和街,2號,,,1993-07-22
,0,$2b$12$XuWRar4g5dGf5VUZmuuyQOk66VEamJDeRHeqO0Y32WkZQeZUfMlMy,雷柏翰,06-4351905,ping35@test.com,1,2024-01-18 03:28:31,male,台灣,台北市,大安區,雲和街,3號,,,1974-01-08
,0,$2b$12$Owix.o/YBHEdkPb/8cZoJuaCIgGq8XGUcCviStwSoCjTS0x22Ch1W,侯佳玲,04-11794302,yshi@test.com,1,2024-06-09 04:13:35,female,台灣,台北市,大安區,雲和街,4號,,,2001-09-13
,0,$2b$12$kSVQIF.6USuvnYmvOtchzuAFsJftTA.SKLnKsTpiEcPit13PXy4DG,黃雅萍,05-32733880,yanyan@test.com,1,2024-07-26 09:12:23,female,台灣,台北市,大安區,雲和街,5號,,,1986-03-29
,0,$2b$12$Uz65/pLjP46Lke31HrVfce1KYd2rlSVmv8EJpIOPfYnAC7NNnT8JK,張雅惠,0915463678,qiang03@test.com,1,2024-06-17 04:28:25,female,台灣,台北市,大安區,雲和街,6號,,,1965-10-02
,0,$2b$12$8PI1O7v9MTmCPHYrZ9c0ve.p/VmYej.0upNmQB1ku9LQVjo2J/Q46,曾傑克,00-9539814,vyan@test.com,1,2024-05-22 10:00:59,female,台灣,台北市,大安區,雲和街,7號,,,1978-06-17
,0,$2b$12$fPZR0iEBa923fyehRuqOWO5y4yS4bnfx51l.wOwUDA75ipSANK49S,溫惠雯,07-25867977,xiazhao@test.com,1,2024-07-02 10:53:50,male,台灣,台北市,大安區,雲和街,8號,,,1998-11-23
,0,$2b$12$ZQiVJyLAT8/oNQ0trPXIROEywnh.keinwdaVbwZ4o5WTu23gImLtO,曾馨儀,00-98089947,ahan@test.com,1,2024-02-13 12:54:57,female,台灣,台北市,大安區,雲和街,9號,,,1983-12-31
,0,$2b$12$iVPsUzNWZvDWDS4l9GyJY.y./NhK7W5BPl4af7kZx1zpj6RSBaFGe,陳雅惠,02-9690516,gang04@test.com,1,2024-07-28 12:39:46,male,台灣,台北市,大安區,雲和街,10號,,,2000-08-07
,0,$2b$12$jGF5Z.pbbwFoI3XGg6WLkOT2yIx0Rpj4qfZlSi8FkKTYeluL/q6Ci,李雅玲,08-90520417,twei@test.com,1,2024-02-12 07:23:37,female,台灣,台北市,大安區,雲和街,11號,,,1992-05-19
,0,$2b$12$RD0diy/y9npni0El5Jmxy.PbjRInhfxqHo0Ogc5J3fbldTpXAFcfO,楊佳穎,02-53279804,fshen@test.com,1,2024-06-04 03:30:10,female,台灣,台北市,大安區,雲和街,12號,,,1970-02-27
,1,$2b$12$dyza6IbVJB1Rxb7ZI7RZo.yCqDC2AbRFC5TZIgyfh29UcMleFab.a,楊依婷,09-71190256,chaoshi@test.com,1,2024-05-09 03:48:19,male,台灣,台北市,大安區,雲和街,13號,,,1988-09-21
,1,$2b$12$yw95OHSWdFxdwSJkpaFST.yzUb0hdacLlJz5fKnG.p8shA2MUqPC.,喻雅惠,04-1593390,xiapan@test.com,1,2024-06-07 08:18:59,female,台灣,台北市,大安區,雲和街,14號,,,1967-12-03
,1,$2b$12$xcW9ZeM2XKJZXgARvKtGHussnCqa4djRD5fZMxkA.U/7zj1wVTwsC,吳家瑜,04-5201013,juansong@test.com,1,2024-03-13 08:05:33,male,台灣,台北市,大安區,雲和街,15號,,,1973-04-14
,1,$2b$12$m2wqA/PFaVk6vryQvYdgbOZSTyzXRm8BkA00O7PWC.yWnVfMZ//Qu,楊雅芳,06-5930697,xiefang@test.com,1,2024-07-07 10:45:07,female,台灣,台北市,大安區,雲和街,16號,,,1999-10-11
,1,$2b$12$lX/c3H27ysypaZ0dnTAKAuvFL4PD8lA0Uc8dgb63FKEN7848l/Da.,張惠如,06-52252564,fang31@test.com,1,2024-03-19 04:47:25,female,台灣,台北市,大安區,雲和街,17號,,,1982-06-09
,1,$2b$12$dCY9aHxRZ9j3Yqvd1yjdcuDQqy7W3UdeMdsobIWqo0JXL9q4ErJri,羊美玲,0960477351,huangjie@test.com,1,2024-03-22 03:18:02,female,台灣,台北市,大安區,雲和街,18號,,,1976-01-19
,1,$2b$12$QKkZa5tStL3..3AQsBFjlOQVl16EnbOMDAfpHkOfGBQTCWxYe21FK,李雅筑,09-37755494,tanxiuying@test.com,1,2024-06-17 11:22:41,male,台灣,台北市,大安區,雲和街,19號,,,1995-03-24
,1,$2b$12$eyzsYoGHyqqA4ySzsQSrGegGPqnqoTFR.mfi5.LzqLz7eniq3wb4G,李佳慧,0916181798,cuijing@test.com,1,2024-05-14 01:17:45,male,台灣,台北市,大安區,雲和街,20號,,,1961-08-30
,1,$2b$12$Lq7uhBh7YAYoMiGxBwX7pe/ell.Q9eZH0MMbrqEShBosVvOgDGBVq,林婷婷,0997346252,kmeng@test.com,1,2024-02-10 06:01:16,female,台灣,台北市,大安區,雲和街,21號,,,1995/7/25
,1,$2b$12$Uji9dIzKENzTWb82m5Ura.dW1NktUYflvnws8E3Qf0qcAtI9ypB5a,張慧君,08-8505637,pwan@test.com,1,2024-05-07 09:59:43,female,台灣,台北市,大安區,雲和街,22號,,,1986/4/28
,1,$2b$12$5Lj6ei1Q4mN7dYKtEOTGneFZFfaX7qedXyiRzwMKZR/bkda3q0Lre,徐怡君,06-98826257,oma@test.com,1,2024-03-10 06:31:24,female,台灣,台北市,大安區,雲和街,23號,,,1994/9/8
,1,$2b$12$Mn.XsVxc8BKDxQejmu9zWO51dQ9Xn6NyUaDNGCU2uGjU8l/ViFk1u,施承翰,03-6122161,pinggu@test.com,1,2024-04-12 07:38:27,female,台灣,台北市,內湖區,陽光街,1號,,,1974/5/7
,1,$2b$12$IL4XgY68WK5tDI8.WTmnoekUgya6z.6NvVFsQKkclXGK6vS2HY8py,董龍,01-2250839,tao42@test.com,1,2024-08-02 09:34:15,male,台灣,台北市,內湖區,陽光街,2號,,,1985/12/24
,1,$2b$12$Zp37M2mFASHC6V/2VZffQuKasXVRXWwdr6OK9nAEROQ/sWXqbwR.a,王淑玲,0915247523,baijing@test.com,1,2024-06-05 09:42:06,female,台灣,台北市,內湖區,陽光街,3號,,,1994/4/7
,1,$2b$12$qx8snFLwAuLaxl77kvBiAeReeJkmXsaF5BnBPPqLRLcvGNd3cDVKe,黃怡婷,0937947168,juan51@test.com,1,2024-01-31 02:14:21,male,台灣,台北市,內湖區,陽光街,4號,,,1998/11/30
,1,$2b$12$QRSWDmd6vLaTVEpHGb9BkuKAHrdGh.jXf42OXoQCW.JJp6LuZd9R2,郭心怡,04-63397056,xia07@test.com,1,2024-01-12 04:11:04,female,台灣,台北市,內湖區,陽光街,5號,,,1985/9/8
,1,$2b$12$Q1WBDXM4BF94EQElLt16M.ZfqlRXLAdz6bHuBtAmFCMFBi9NCalx6,張宜庭,09-69076227,dongjun@test.com,1,2024-05-16 08:17:21,female,台灣,台北市,內湖區,陽光街,6號,,,1978/5/9
,1,$2b$12$6gapEU4FZLdEuWBDCjN2yOL6kw/LYPuzkPuvxPho026IQaBxK5lkq,周志偉,0989082299,liuming@test.com,1,2024-07-13 03:43:49,male,台灣,台北市,內湖區,陽光街,7號,,,1973/1/12
,1,$2b$12$KHWZGnNvl1OI7/mcBKFLn.8km9rJ984EZNxQClC7aqxmRhT7uv1Fe,龍雅玲,00-2985263,xiulanjia@test.com,1,2024-01-26 01:35:42,male,台灣,台北市,內湖區,陽光街,8號,,,1980/8/22
,1,$2b$12$bEQWOC0LGhXIwMmwpnQMnOHry6oaA8F4sZ3e9xhmeiMlwf5inyiM2,劉淑惠,07-9382477,liangguiying@test.com,1,2024-08-13 12:57:26,male,台灣,台北市,內湖區,陽光街,9號,,,1986/7/17
,1,$2b$12$tkoa4mNrp/n5/Mx3LySQ/uzPurNmL4/SCxQlUiy5svGEYsVthj4/e,蕭欣怡,07-43802359,xieping@test.com,1,2024-05-17 01:03:35,female,台灣,台北市,內湖區,陽光街,10號,,,1990/9/29
,1,$2b$12$8TVKDXbXy1fB5GcX6./w5et7W2CIbo4xeWGhNt4T.0gld5ZUsmd8.,曹思穎,0976862238,chao40@test.com,1,2024-06-27 12:59:57,female,台灣,台北市,內湖區,陽光街,11號,,,1976/5/17
,1,$2b$12$h2ecITZ/ThH2bRHuTzAFCuCUVEeq0P0p2zIv4PccMLi79NB2TB.Aa,李柏翰,0976328442,udong@test.com,1,2024-05-18 08:17:32,female,台灣,台北市,內湖區,陽光街,12號,,,1974/5/1
,1,$2b$12$TpzLoa0q54SQyuab0kmb9eE70Vziuc9VE1MlzKsbuH9n8MFEvqHWe,杜鈺婷,09-8932398,cxiang@test.com,1,2024-05-10 07:46:17,male,台灣,台北市,內湖區,陽光街,13號,,,1985/10/1
,1,$2b$12$g5JWzcOpl56PsQc4JdUt5e1jFPdpw0/002uipuF16Q3AM4wvfRoYy,姜淑娟,06-7319099,tao32@test.com,1,2024-05-21 11:28:43,female,台灣,台北市,內湖區,陽光街,14號,,,1994/4/6
,2,$2b$12$AvFK90DZbgH6Pt.JvcZCs.I4jwUVgljzwGzeXhOOTaHRpSuRYd8NO,楊惠婷,00-63157296,jing95@test.com,1,2024-07-12 08:58:36,male,台灣,台北市,內湖區,陽光街,15號,,,1994/9/6
,2,$2b$12$GBTKpxggOByCOtSUdRRhkOrPpi0oOiKYtWijxkJ58EJi9ZS5QXAyK,楊宜庭,0997744903,yanxiuying@test.com,1,2024-03-27 06:43:47,female,台灣,台北市,內湖區,陽光街,16號,,,1977/4/17
,2,$2b$12$Fzr3KYnLhi0RQ3qG.n0KN.4Y6NcPEp0m.opASGgw9W7kv8SyqDobK,梁鈺婷,06-90999681,stang@test.com,1,2024-04-08 05:29:42,female,台灣,台北市,內湖區,陽光街,17號,,,1986/2/12
,2,$2b$12$Fc.cYqRDwCgzQohkB0X.1OkJXpdu44Jj66Ttxz9jwyhifmIj9cEiO,賴庭瑋,0978149675,ojiang@test.com,1,2024-06-24 06:08:50,male,台灣,台北市,內湖區,陽光街,18號,,,1985/9/14
,2,$2b$12$t7JxplntXCrlqK5rgLj6yuHYEQ2IgbLCFvTLuNboe0wYfe9noYWeS,彭冠霖,08-75981555,mingyan@test.com,1,2024-04-03 12:50:44,female,台灣,台北市,內湖區,陽光街,19號,,,1976/1/30
,2,$2b$12$DE1KH5LDYcH3j/jBbgKcLuvDVai.MoDxfFWsL4pzDKlbnK8J0jphS,趙淑娟,00-89480868,qinxiuying@test.com,1,2024-02-16 07:56:39,female,台灣,台北市,內湖區,陽光街,20號,,,1978/7/4
,2,$2b$12$oArWKEMkF.IcZzhMAHRMXuR4FTqxQPxQsx5CwIX5rJa8/tBZXBzvG,梁淑惠,0900514623,zhouchao@test.com,1,2024-04-19 11:49:01,female,台灣,台北市,內湖區,陽光街,21號,,,1979/1/17
,2,$2b$12$QVnYQ9/GZSHmmZPQ3QC5LO5H9BTa1peaanfAeLDp2lTw5KCI2l9vS,崔淑惠,0972462684,ganghou@test.com,1,2024-01-06 05:33:57,male,台灣,台北市,內湖區,陽光街,22號,,,1974/8/28
,2,$2b$12$OXu3fpp1H6kaO1UD5R6MMugUU.uqL.TUAAkSeQCPxQZvQxMTsN3La,喻淑貞,08-6021889,jun45@test.com,1,2024-07-31 12:28:13,female,台灣,台北市,內湖區,陽光街,23號,,,1983/6/28
,2,$2b$12$8TXUjLNp7PlW54bbQHWfc.5fn88vrDiK0Rd135fdMt7PiYHOCrZNy,徐惠婷,05-22149188,xiuying38@test.com,1,2024-04-17 04:22:25,male,台灣,新北市,板橋區,自由路,18號1樓,,,1997/7/28
,2,$2b$12$4ehTsrthDO8fIT2lLzBrWuPNbIUg1MFPmThbUrhZHsej1qywAWK9C,杜雅芳,0935041670,li39@test.com,1,2024-05-29 06:06:06,female,台灣,新北市,板橋區,自由路,1號2樓,,,1978/4/22
,2,$2b$12$LjvtA7LiEf2s1Q.HshwwrumE6DdOKGueeWnsVmUM21SElW2PTE8qG,劉佳玲,0951082376,wanping@test.com,1,2024-05-01 05:38:22,female,台灣,新北市,板橋區,自由路,2號2樓,,,1988/10/30
,2,$2b$12$iR4JcxBJgYuAN7KfMvLWYe1CXlzCH4r6ZodjqY7UPnpNZtjrrMrbK,劉宜庭,05-2488025,juanxu@test.com,1,2024-08-04 01:26:40,male,台灣,新北市,板橋區,自由路,3號2樓,,,1993/4/12
,2,$2b$12$9e1SW4SgSpilpzisw.IxLudwlY9IXS4ghIqnY0HjqnC8b7zhpaODq,蔡志偉,07-9984764,fang73@test.com,1,2024-02-29 06:09:45,female,台灣,新北市,板橋區,自由路,4號2樓,,,1983/6/29
,2,$2b$12$j6vSAVn74V7ZstY2ez0Wp.8obNk62XNuYGKpr/x3A95pwlkXhd3AC,蘇筱涵,05-95047539,guochao@test.com,1,2024-01-04 12:28:10,female,台灣,新北市,板橋區,自由路,5號2樓,,,1988/11/18
,2,$2b$12$XvzXMNxkq6nQ9kuao31OveDGTh4hUBxaVsrNqcOmyAdtMF0pYFy6m,嚴雅惠,03-41893605,gtang@test.com,1,2024-04-24 11:50:21,female,台灣,新北市,板橋區,自由路,6號2樓,,,1979/2/21
,2,$2b$12$ci7dpjYoFfFxBBJNiJETBO4i/5EmuJPcdnqYBWUdL8k87BcAj1aCq,周承翰,07-5369570,na27@test.com,1,2024-07-06 05:08:57,male,台灣,新北市,板橋區,自由路,7號2樓,,,1987/3/30
,2,$2b$12$ADQlcg2Jw/8ODhyzjqipDuASAVNsuNN7qiSMwgHuCukP/obJXJYCK,張傑克,05-78281263,xiuyingwu@test.com,1,2024-04-25 09:08:17,female,台灣,新北市,鶯歌區,鳳一路,4號,,,1978/1/24
,2,$2b$12$Ce.7VPgDyiSbUkQ8mcz/Ru27HjRFyWN1vBpC0ULYZ2iZRPNdBHSWe,周淑貞,0920828368,jiayan@test.com,1,2024-04-30 01:09:57,male,台灣,新北市,鶯歌區,仁愛路,55號,,,1998/1/30
,2,$2b$12$yODk.mK/99i4rk8b.gOwfOeVWGZ6dOkwU9buzPyJevCtxncjObtI.,單宇軒,03-77180298,yinjie@test.com,1,2024-06-16 04:46:30,female,台灣,新北市,鶯歌區,大湖路,336號,,,1978/6/24
,2,$2b$12$mMKrdxgoKzW/y7d5Ib1dA.ab.GzYACbjlvChCd3aJT5cTopKWdx.y,黃詩婷,09-63791293,leishao@test.com,1,2024-06-09 02:19:23,female,台灣,新北市,鶯歌區,大湖路,1號,,,1985/9/30
,2,$2b$12$1LozynQTFCuJVU7vAYrVMumIlGNyrt9PcTu0aIyQ8Mw5j.IgDWe0e,孫佩珊,09-9428439,wliang@test.com,1,2024-06-12 07:28:51,male,台灣,新北市,鶯歌區,大湖路,2號,,,1982/2/17
,2,$2b$12$0v5qCU9BtofDCp6pikBbtu4dNucx22GdzP67ewgSi3JEf3G6nvy9K,王志偉,01-4606089,mli@test.com,1,2024-02-01 05:46:50,female,台灣,新北市,鶯歌區,大湖路,3號,,,1993/2/24
,2,$2b$12$ph1.eUGkw/9e6iBadZVOBe.mtcJT81/8ykU5OLeC4Qi9NoS/.TdwO,李惠雯,0971824813,xiuying72@test.com,1,2024-06-10 01:55:11,female,台灣,新北市,鶯歌區,大湖路,4號,,,1989/2/24
,2,$2b$12$pL34P8E9WxKeWH7PRd/VoegNc0q1FuCPaz4Q5M7j9Z/hMB/rZoraS,馬宜君,03-56640613,yanghou@test.com,1,2024-07-28 08:37:09,female,台灣,新北市,鶯歌區,大湖路,5號,,,1988/8/29
,2,$2b$12$VB9d7w45f8zTi2ksXwc3ke8ZZdfJ/15N7HOKEgh6BUY/5yeEexjQa,王雅婷,0928362462,jiegao@test.com,1,2024-05-30 07:56:00,male,台灣,新北市,鶯歌區,大湖路,6號,,,1977/4/8
,2,$2b$12$JX4LiPWvR9r8mr2sgduO1.Wpz3P1HfHZxrgCzYWWFqmfSsQ5RCKLG,王宇軒,05-2614971,li54@test.com,1,2024-05-31 05:35:26,female,台灣,新北市,鶯歌區,大湖路,7號,,,1993/7/31
,2,$2b$12$0BTqrnvq3P1lYDx0Yv4Afu//mQ4d9rtSRGdz5Lv3EBVCoMf0BXgb6,楊淑貞,02-4557441,zhaoxiuying@test.com,1,2024-03-07 04:44:08,male,台灣,新北市,鶯歌區,大湖路,8號,,,1974/7/22
,2,$2b$12$9XGEh1gACQqdSGqVPwDUp.nXFhaik.XGY1PpUBzeZQ7HHve0dOLjG,秦惠如,04-73248201,mwei@test.com,1,2024-02-15 02:23:57,female,台灣,新北市,鶯歌區,大湖路,9號,,,1974/7/13
,2,$2b$12$cIA/Byl3SdV982EwRUxmqeNMdN9zMc2H7p1M.15RvUh0xPyionN0W,孫鈺婷,04-88510912,shenqiang@test.com,1,2024-02-18 05:34:44,female,台灣,新北市,鶯歌區,大湖路,10號,,,1986/2/28
,2,$2b$12$dHXOS7nQwstEsMkw1eSSIek320k79v9W79xorv.tEYhCnIGB1h1oW,馬雅琪,09-4224997,nxiong@test.com,1,2024-02-21 12:48:34,male,台灣,新北市,鶯歌區,大湖路,11號,,,1982/1/27
,2,$2b$12$0MHHAAGAi6F0/H0xVEOqKu0INhlrHz9HFQhG9Z0dmjUyLxfA.Zx4O,朱瑋婷,04-91255168,min81@test.com,1,2024-05-03 07:04:03,female,台灣,新北市,鶯歌區,大湖路,12號,,,1972/11/17
,3,$2b$12$eGzDn4m9ZUEO4DsL8LSJHu4nt03gBPRCq9nuvOl29/lKdXrfjVEXu,蘭郁雯,04-61889416,ecui@test.com,1,2024-01-03 05:12:36,female,台灣,新北市,鶯歌區,大湖路,13號,,,1971/12/6
,3,$2b$12$xfa.R9994IcRfWBOUE85WO1AESdPdIw146An6dyYt6OiyENKQTtiW,陳郁婷,03-9485131,mindeng@test.com,1,2024-06-26 12:54:54,female,台灣,新北市,鶯歌區,大湖路,14號,,,1978/4/28
,3,$2b$12$0gj4iSZk4NIWcgUtnQpje.oPM5lM3spJvbKgKlSyrDZp9LWXGK9Ma,王郁婷,01-3713098,chaoyuan@test.com,1,2024-03-01 04:18:20,male,台灣,新北市,鶯歌區,大湖路,15號,,,1983/9/16
,3,$2b$12$AJ.samaCUj/.tCCmRzlM7u0FqIS0lIdNI0o9p1kTTZoAXM8jQ1Mhq,楊馨儀,03-9377565,xialai@test.com,1,2024-02-25 03:28:52,female,台灣,新北市,鶯歌區,大湖路,16號,,,1974/4/27
,3,$2b$12$Eci.wLzd1uJnH4MKuQ/UBOd0LDmQTZ1CeKlFUkezdDVLs9garnY9O,杭詩婷,05-1965680,likang@test.com,1,2024-03-04 01:59:58,male,台灣,新北市,鶯歌區,大湖路,17號,,,1976/5/14
,3,$2b$12$3XHVDsd77ngeL8r9w2nxm.E2Qpz8Yll7/oc0epv6w5VpbgQKAFhL6,賈佩君,06-40850365,fdeng@test.com,1,2024-02-19 06:03:42,female,台灣,新北市,鶯歌區,大湖路,18號,,,1999/9/29
,3,$2b$12$flQeiAIZx0iHwDZzdHohYeIaLvmYF5UMk41./jLiM.W6jvOgPa3Oy,莫懿,04-6844889,juancheng@test.com,1,2024-08-10 10:30:22,female,台灣,新北市,鶯歌區,大湖路,19號,,,1983/5/5
,3,$2b$12$t8GBZYMhQaa759dGRyAymeVsle0jAZNJ1m9B/2tQdQbCz7cjNbEp2,曾雅琪,02-31729218,jing49@test.com,1,2024-07-28 07:18:33,male,台灣,新北市,鶯歌區,大湖路,20號,,,1986/11/6
,3,$2b$12$7QIxFJEaja60LWHHVOSw9uEYlPuqTl9CCz6lUdeF7lMqGqAulyN8G,李冠霖,08-78901202,qiangmo@test.com,1,2024-06-25 09:14:27,female,台灣,新北市,鶯歌區,大湖路,21號,,,1979/5/13
,3,$2b$12$3wjcfWdqyC4uEECRiulrfe0pYE5jCo05YheQqg2yCZPt3/1TSXBjC,路惠如,04-3195141,yang65@test.com,1,2024-07-08 01:32:40,female,台灣,新北市,鶯歌區,大湖路,22號,,,1985/9/21
,3,$2b$12$C9.Tyk4AU1IwpaFBbMt4G.d31h5LiYD6I1S0I.NRA8eFxnombEdGm,張心怡,06-8900399,tshi@test.com,1,2024-01-16 10:48:17,female,台灣,新北市,鶯歌區,大湖路,23號,,,1994/7/26
,3,$2b$12$io6eCfhGQ1EpJG3OWGJIbu7cMwQZpzuBUMQeCF68kMdv5/gXYt.yC,楊佳玲,04-66002451,xiuying01@test.com,1,2024-06-11 03:41:28,male,台灣,新北市,鶯歌區,大湖路,2424號,,,1992/5/22
,3,$2b$12$azt7KEu3YORLl5hP8K0JXuCasjzRA/mGJ5hyFDl3lf9qvFnZvTmQy,吳雅文,0963930825,oliang@test.com,1,2024-07-20 11:53:32,female,台灣,新北市,鶯歌區,大湖路,2525號,,,1990/6/17
,3,$2b$12$zwOSNGXTC2o154.xUmpfF.1KLcrAA.dMTz7MC/VOxtjLl/Uqbq9re,譚沖,0915889759,nahao@test.com,1,2024-05-28 12:44:42,male,台灣,新北市,鶯歌區,大湖路,2626號,,,1995/2/10
,3,$2b$12$Ban4oEVWVUn.Ff68ucL3pOnaEwScleOl8ladzLdoco/j.Ywyhjmv.,高俊傑,07-5526017,dxu@test.com,1,2024-07-20 11:33:41,female,台灣,新北市,鶯歌區,大湖路,27號,,,1981/9/3
,3,$2b$12$hZ.EMYSAOcRWI03einVMxOY1pR8nes7iBD2LRv7rTWxVDLvWgQxDq,黃淑娟,08-6650160,rzhong@test.com,1,2024-03-04 06:53:30,female,台灣,新北市,鶯歌區,大湖路,28號,,,1993/12/11
,3,$2b$12$54ftwMLjkWTnmyO9TtNC2OkT1GRbSLXfVzCfWaCDDMqVTDyy/1uWC,趙思穎,01-14184285,yang53@test.com,1,2024-03-12 12:15:49,male,台灣,新北市,鶯歌區,大湖路,29號,,,1970/10/12
,3,$2b$12$vb8MOh/WqYIxtbkfAChTCug1EPw0x1C20plgJwAKcnnirXK/fUxPu,李雅文,02-18739757,jwei@test.com,1,2024-03-20 11:39:47,female,台灣,新北市,鶯歌區,大湖路,30號,,,1997/2/4
,3,$2b$12$Bf9r4R3CB/JN/d6R6e783eIHa.JS.fPpwmkV665rvRZnko8mX9tdK,段鈺婷,0953829502,momin@test.com,1,2024-02-14 11:45:42,female,台灣,新北市,鶯歌區,大湖路,31號,,,2000/1/30
,3,$2b$12$h4pe6JflCOdN4OPRRNSkY.pOImUFsgFlE0FZgHIz9EXvE/ehVrEVm,王筱涵,08-27800732,li43@test.com,1,2024-01-31 03:28:06,female,台灣,新北市,鶯歌區,大湖路,32號,,,1997/4/16
,3,$2b$12$KAS6KHnikMkmrW1iWT1QPuCZsTAHjQHw7dO/BpeoHPqXMjg/4EUv6,萬佩珊,01-8916513,xiuying36@test.com,1,2024-04-10 12:47:45,male,台灣,新北市,鶯歌區,大湖路,33號,,,1995/8/13
,3,$2b$12$Z.6jgwFtdNYSdZZ41L2hBeFkE6/9k5UucB3Hr1fhqb60VX55ZnVSy,林怡君,01-1086967,guiying43@test.com,1,2024-01-06 12:26:00,female,台灣,新北市,鶯歌區,大湖路,34號,,,1986/12/4
,3,$2b$12$N90QCgsqhpX1GdwJnAGGdOnFGFNlqxIhXRUNFqdT/KB7LYij1r/Vu,李怡萱,07-70416823,gongqiang@test.com,1,2024-04-24 04:44:49,male,台灣,新北市,鶯歌區,大湖路,35號,,,1977/7/4
,3,$2b$12$o.fkkrgywQe4mdANSCyDuu1LkoOucqECl1DIjV/z2owd4tQw0ZCGK,王怡如,05-28180786,gang70@test.com,1,2024-05-22 04:12:11,female,台灣,新北市,鶯歌區,大湖路,36號,,,1984/9/22
,4,$2b$12$sgrSSCs.aqsBIAwktMiFg.oc/9DBv7/QXzKmrwbsqJZP28mJNK7ja,朱雅雯,07-8951261,bxia@test.com,1,2024-05-24 12:39:16,female,台灣,新北市,鶯歌區,大湖路,37號,,,1988/2/7
,4,$2b$12$sX35esIX3Uf/ARWkMepcDeUHQAlzXjwx9JimkKrAm/ZK.iXZ5/e8G,王琬婷,0991483144,taoxu@test.com,1,2024-01-16 07:27:41,male,台灣,新北市,鶯歌區,大湖路,38號,,,1996/11/28
,4,$2b$12$hFPk46qfSsQpEt1a2xCUMePM48t9P8e5IlqHcJvwtdRuDIL01pJMW,邵郁婷,0920187563,rengang@test.com,1,2024-05-08 03:40:29,female,台灣,新北市,鶯歌區,大湖路,39號,,,1975/11/9
,4,$2b$12$FKEmVEQ1/epQ3kzYi5s.a.aFdrDXlGVuB.SY7JPytaRWtnqFj5dFS,楊俊宏,08-86299895,leixie@test.com,1,2024-02-17 04:41:21,female,台灣,新北市,鶯歌區,大湖路,40號,,,1978/8/9
,4,$2b$12$OsrffZZb.n2XsnjpCbfjneNZknvAzi23a.Fwp8tBFw2jNRg.mcBvi,周宇軒,0963235355,qianglai@test.com,1,2024-02-21 09:56:02,female,台灣,新北市,鶯歌區,大湖路,41號,,,1983/7/24
,4,$2b$12$lE1BH/KIZwB0o11Uz9FXCuTv1dsjUaOiddxshSFALrumDXVUEKZFO,蔡佳樺,05-52180139,fang67@test.com,1,2024-03-27 07:08:21,male,台灣,新北市,鶯歌區,大湖路,42號,,,1999/7/18
,4,$2b$12$MbFwgtQi6DdaLEZnhZ0jb.YM10e3oyRtT10AcxQR0rhD5FTGY3DZG,趙志豪,08-13010999,hdeng@test.com,1,2024-05-08 08:36:30,female,台灣,屏東縣,潮州鎮,永信街,6號,,,1972/4/10
,4,$2b$12$cJjCLhN5i6jquss3ECChkuS3e4xIaqok/5qhwuXFLYDdSGfly9evy,黃佳蓉,03-95799804,yong67@test.com,1,2024-05-02 10:39:20,male,台灣,嘉義縣,大林鎮,大民北路,2號,,,1973/5/24
,4,$2b$12$FQpdIsCHw0gEL.8Gz3ItoODR6jGMk85HFRJvk8esJNKMt1.bnMcYK,王怡如,0970665055,chenlei@test.com,1,2024-05-14 05:40:25,female,台灣,宜蘭縣,員山鄉,永同路,7號,,,1988/4/14
,4,$2b$12$0UlkbKnZ.rISQsgGKKOBd.4OGYIcJHQTkhDAZsXUDgMCfFuTh1vY2,黃信宏,02-7138330,echeng@test.com,1,2024-07-25 07:02:22,female,台灣,新北市,三重區,仁義街,29號,,,1971/10/22
,4,$2b$12$lvFEdCXZE7DcX57X3NG3QeSgIJMJM0Pv5AK5i8FbyL0iKcIW/sn.i,周家瑋,08-8448517,cwen@test.com,1,2024-07-16 11:11:53,male,台灣,高雄市,楠梓區,金和街,25號,,,1997/3/19
,4,$2b$12$SSnstsOLlRTd0FhDC9hjpOGnh5JMf/.TFvQTycxLLsw21w0LXQwBG,伍冠廷,04-5088484,mhuang@test.com,1,2024-03-15 02:34:56,female,台灣,桃園市,中壢區,三合一街,5號,,,1983/7/25
,4,$2b$12$z6B7HtK5hZZMOh4uhOAEuuHqGxLA4xGcM/GiQQxo4gzWG.Hzxq57i,王佳玲,07-18049250,guiying01@test.com,1,2024-06-02 10:51:57,female,台灣,高雄市,茄萣區,光復街,35號,,,1999/12/18
,4,$2b$12$0HYbDPJIavWoLbqDVfHuEOHWAiuoUO0O0KLd5kRgfsPoCGd5tjVO6,郝惠雯,09-2715731,nazou@test.com,1,2024-05-23 09:04:45,female,台灣,雲林縣,麥寮鄉,復興路,9號,,,1977/3/28
,4,$2b$12$bnR3S1hVovbaip4kQsHVS.6Ix2aXjDftoym87ehahdFGlqKVRKj7G,林心怡,05-34324925,dinglei@test.com,1,2024-03-16 04:21:07,male,台灣,彰化縣,彰化市,建國南路,11號,,,1985/7/25
,4,$2b$12$OqLNvxKvJFoV7V8c6DrHyejctFq3vs4zADUjbsAvYFiAZNURyH8.G,王羽,05-32137825,gangzhong@test.com,1,2024-04-16 06:16:13,female,台灣,新竹縣,湖口鄉,貴州三街,1號,,,1974/8/21
,4,$2b$12$anc8I8qAnJy60KAWbBi9r.2FMPX7hVrgkg3D7xUqzTdurYWTfV1Si,張怡君,06-54761862,jiepeng@test.com,1,2024-01-15 11:49:00,male,台灣,高雄市,左營區,自勉路,3號,,,1986/7/6
,4,$2b$12$jEXGXim13HpoR1.wj6XfVe2zbt3Bh57SK4Er34hphWT48rJQCClze,王淑貞,0929144664,jun35@test.com,1,2024-04-15 01:18:20,female,台灣,彰化縣,員林市,實踐街,26號,,,1985/11/29
,4,$2b$12$R0ljslts7i1WlzsTTEgcZOAZE8VK0U85/cYiRT7c0ZlL/OoKfOZRm,黃惠雯,05-9811340,li96@test.com,1,2024-07-17 05:28:57,female,台灣,宜蘭縣,冬山鄉,中溪洲路,34號,,,1978/12/6
,4,$2b$12$Rkq1oBXLp/GbaEkoYxmvsOeABiA0d7HWEuBRiuGRYDrZAkJ.iEYZm,孫詩婷,0978821828,nyan@test.com,1,2024-03-12 07:55:08,male,台灣,彰化縣,鹿港鎮,民主街,4號,,,2000/8/21
,4,$2b$12$HZ.XTrAowpeARcq7xwGNreRr78l55XYlRwWWomWthv4dAYVJmviBS,陳佳玲,0912475146,cfan@test.com,1,2024-07-06 01:22:19,female,台灣,新竹市,東區德,成街,23號,,,1986/6/24
,4,$2b$12$m2f6EjLs9V9DsRmF6eRsKuXOjq2myeOMUGOe77h1ilrblgnqCsz6u,秦淑華,07-6859418,ohu@test.com,1,2024-03-31 04:27:22,female,台灣,雲林縣,虎尾鎮,永興南七路,32號,,,1974/2/11
,4,$2b$12$TUGT6a.4PhUxF50ZPlh47.HDTpyU5.mFN7Ba9WlsSx0DmpKooYogG,劉郁雯,03-2324792,laiqiang@test.com,1,2024-04-16 06:25:53,female,台灣,雲林縣,四湖鄉,中華路,8號,,,2000/1/22
,4,$2b$12$oNPZW.3PFx58aZFJ1Zjz2.bw6xKRNdqKDW6xGRwHQL8hRIXQp86DO,李淑芬,0989331923,chaofan@test.com,1,2024-08-04 11:42:30,male,台灣,彰化縣,二林鎮,永順街,29號,,,1982/4/20
,4,$2b$12$Q6f1MF7bvw3jmWNzobrs7u1UtkihhJu8jQalN2t4zBpxgO1sIpRoK,柯怡伶,0949997019,jiangping@test.com,1,2024-05-05 05:08:38,female,台灣,高雄市,燕巢區,安西路,28號,,,1981/4/26
,4,$2b$12$UdygF.r2crVQF72N5.QKAOjGnRCbK8bX4.9t1QoXOf2.k0YtjJ9na,謝欣怡,0907041670,gmeng@test.com,1,2024-07-09 04:46:41,male,台灣,桃園市,桃園區,江南四街,17號,,,1990/3/28
,4,$2b$12$VDsow3EbZg4qVRunwHhktOCQgESmq1i1afKTgqpkmHhAvln810uDe,彭淑芬,0928004829,cxia@test.com,1,2024-03-21 10:30:34,female,台灣,屏東縣,屏東市,民安路,13號,,,1995/2/5
,4,$2b$12$Z5HNd4PNjiDWQ6cceCm65O.jDPKyyajOHzo2FRE8MDC1uzfQwqWoW,甄俊傑,02-1425207,jiayong@test.com,1,2024-05-27 03:33:14,female,台灣,台北市,松山區,濱江街,20號,,,1978/6/22
,4,$2b$12$ccQwbk0gpbcfCce8WQ14AeuuMOsGh5kdjOVkWrfZziMQ.Gwo9vIhW,相詩婷,01-97367243,tguo@test.com,1,2024-04-17 07:27:25,male,台灣,桃園市,大溪區,信義路,17號,,,1999/10/31
,4,$2b$12$Bt4YGw97vFDSK17bvv2.beDwZLNGH6CVX/SF5nrvqzqoAOZ3l.WHa,李嘉玲,0939775166,zxu@test.com,1,2024-03-06 01:57:39,female,台灣,彰化縣,埤頭鄉,東西路,17號,,,1976/4/3
,4,$2b$12$m4eAvdTpCQpkQYFY.bY34eTcpS/bIAq1cGWiclNhtAni/g9K2Evdq,張懿,08-2070269,lliu@test.com,1,2024-04-13 10:58:06,female,台灣,高雄市,三民區,宣化街,16號,,,1986/1/23
,4,$2b$12$xkrPFp4XNqvOYJKAPlDSk.XUGcgPLGVuUKHkpdbqkCB16UAFypJHW,李淑慧,03-4942784,wugang@test.com,1,2024-08-14 05:45:36,female,台灣,苗栗縣,三灣鄉,民安街,31號,,,1978/8/4
,4,$2b$12$Ng67GsYiPHcftovq9oXsouoYlJHE9mJjY2u2UWYQ1PeMl4hi5FIQ6,許飛,06-57616985,ping40@test.com,1,2024-03-01 08:38:26,male,台灣,宜蘭縣,宜蘭市,陽明六路,8號,,,1978/2/5
,4,$2b$12$3HB2DaoIfVzZIL5q/U7VPujQ8KAi8UdlN5JmN81jiUnYVrqeT.Cqi,李淑玲,0955536168,caojuan@test.com,1,2024-05-05 04:04:39,female,台灣,高雄市,鳳山區,頂昌街,17號,,,1978/2/12
,4,$2b$12$5.O28/I3wt9s65H00Mf6aOat.5Fxt9c8ShCCDiPqic5.PR9o4RJii,黃俊宏,0956624862,azhang@test.com,1,2024-01-30 01:27:00,male,台灣,台北市,文山區,車前路,9號,,,1986/2/27
,4,$2b$12$x/Llmj8Iy7JT5gcBxNg1ieJi9fJRbzaJPV4FCdx1HJk2sswVHMBvm,陳冠霖,0906923365,xiulan10@test.com,1,2024-03-13 11:21:37,female,台灣,苗栗縣,公館鄉,近光路,26號,,,1997/3/16
,4,$2b$12$YhHyU8ml7CPjdYIpl8zcR.tzCZ.qs1pAqcldufiLJvwc56gJIA/ay,謝怡安,08-1591729,dkang@test.com,1,2024-02-27 02:40:10,female,台灣,新竹市,東區中,正路,28號,,,1996/9/26
,4,$2b$12$yTzLWsmD6BUaaSUo2e1TK.NWUnQ0wt13PxyteyusMr5wlEMamTDoS,何雅芳,0908060933,ming85@test.com,1,2024-06-18 04:11:25,male,台灣,花蓮縣,花蓮市,忠義二街,22號,,,1987/5/4
,4,$2b$12$GexJ9c3QYPzhYdJBTFGMz.IyjWb3d9L7ytFq44TrJUNIvQGEjxqCu,高俊賢,0939950059,xyang@test.com,1,2024-05-08 03:23:54,female,台灣,高雄市,前金區,新盛二街,10號,,,1979/1/14
,4,$2b$12$wSOCLbY0aT0Tl6wbwq.PhOK2uz9cmKkNdfs4PM8f0uIHOS1.kOdia,張雅萍,0938878991,dliao@test.com,1,2024-02-16 06:13:36,female,台灣,雲林縣,斗六市,梅堤路,33號,,,1979/4/1
,4,$2b$12$CvntPJpoud2J.ngvrma6OeTTIfrmKpNo9qQ.83NfNBJldgIh8qy32,劉婉婷,02-2011818,rengang@test.com,1,2024-02-02 01:49:02,female,台灣,雲林縣,林內鄉,大同路,15號,,,1970/2/4
,4,$2b$12$eUP4VrQsqGpWvL3pNVjjXutrR.850RGyNZwrbWTd5KRSxFb2f2XQe,羅筱涵,07-3386877,vwu@test.com,1,2024-02-18 11:33:13,male,台灣,雲林縣,東勢鄉,復興路,35號,,,1990/4/11
,4,$2b$12$HL3oZwyBr6dZfFZzfGlveO4BgonomIZy/y5dxCtz6RuNJiRfbjEDu,周佳樺,07-7991581,achang@test.com,1,2024-02-16 08:46:21,female,台灣,高雄市,前金區,中山一路,31號,,,1993/1/8
,4,$2b$12$qca3WvdVuUPE/cOL76CQsOfGqI0cjA/sElGBmZvSTXDyQJ8fVtEr2,李雅玲,0909855144,kxia@test.com,1,2024-04-25 04:12:46,male,台灣,屏東縣,鹽埔鄉,建興街,27號,,,1997/1/15
,4,$2b$12$7pS.dyzRXPlC1pVeAAabT.iOqBJoRf9AIuyCzTKjEGp/l23qzuKN6,嶽雅萍,02-14749653,fengming@test.com,1,2024-02-28 11:02:04,female,台灣,新北市,萬里區,聽濤路,3號,,,1993/3/22
,4,$2b$12$Utp6ODNUa6sjAADkB5ukze.p.S9QEBQC2wNkM6Ip4GyqMDEcnSKx2,李淑慧,0911111983,ganglai@test.com,1,2024-02-25 07:35:19,female,台灣,雲林縣,斗六市,昆明路,15號,,,1993/9/29
,4,$2b$12$I1nyoBizZVaI3/Fn9bi94O4EiidNSRXeIPX5h9HrSP99FMrQwgxaS,賈淑玲,0913684153,changxiulan@test.com,1,2024-03-28 01:30:41,male,台灣,桃園市,龍潭區,富山三街,31號,,,1974/6/5
,4,$2b$12$q.yFL1bowvoxGf6A.M71..WvwkUVul8el4rJnugfnu4Q0uoZZs8a2,江庭瑋,04-73182344,sdeng@test.com,1,2024-01-26 05:00:48,female,台灣,花蓮縣,吉安鄉,南海五街,14號,,,1972/11/20
,4,$2b$12$gmqcfFcSOn6p4Nyf3rSpseY33yXViOhBORNnPjJ.QlY.4A0TAi7ci,呂俊宏,00-3618793,juanzhou@test.com,1,2024-01-05 10:51:32,female,台灣,雲林縣,崙背鄉,頂街,28號,,,1991/11/8
,4,$2b$12$OQczDijf4NFCOuruC4O0a.GrxSDGMsgIZA71nid.KwA1gZGPYYBYq,劉美玲,0957621232,ming90@test.com,1,2024-06-15 11:58:50,female,台灣,新北市,平溪區,紫來產業道路,31號,,,1976/12/1
,4,$2b$12$m.yKUoWF.O9lb9.1M4aFKuvvFXSUSd83d2EQqH521RTxwdbUxPpR6,徐宜君,0963353379,juan07@test.com,1,2024-04-08 04:46:12,male,台灣,嘉義市,西區光,彩街,28號,,,1988/10/24
,4,$2b$12$mCowe8RcN.mAAx7Ab3X4dO00fakB.sizuMK/jrAOqEZcQn4y23Rqa,袁建宏,00-27227518,juanhuang@test.com,1,2024-01-15 03:22:33,female,台灣,彰化縣,社頭鄉,松雅路,16號,,,1995/8/13
,4,$2b$12$QPxwANhEWti0JGsewcBzueU99JymEZgN6Alzeu75azwY8Pf7k9gbG,王惠雯,09-9154689,yan02@test.com,1,2024-03-04 06:55:00,male,台灣,高雄市,橋頭區,橋新二路,3號,,,1988/8/14
,4,$2b$12$wDPnOdBteqTa7AtVahTxrery2bs528QZsamtWdGBXLVy4h9VeO5Eu,李依婷,03-4057779,linjie@test.com,1,2024-07-03 11:39:38,female,台灣,苗栗縣,西湖鄉,店仔街,4-1號368,,,1990/12/5
,4,$2b$12$sMl6glHM4/CaFTafYvFcT.bQKCkruL6H5LtxJDaX5..OBMLCz88Xm,王家豪,04-71093726,bwang@test.com,1,2024-01-09 06:41:50,female,台灣,新竹市,香山區,埔前路,18號,,,2000/9/9
,4,$2b$12$Cn0vBDFbnsty5yzVeLhyhe8h4g8nyKH1PnJipjmcwpqNWDWZodxZO,馬中山,02-30695761,mofang@test.com,1,2024-06-07 04:03:17,male,台灣,雲林縣,斗六市,久安路,11號,,,1992/6/21
,4,$2b$12$buTV7pK50DV/Q8ca9O1ahOS3qXQRZlhywOh1mZ6.uK9CbIXIsJ3k2,巫鈺婷,0942551455,junhou@test.com,1,2024-06-11 07:40:13,female,台灣,基隆市,七堵區,百二街,30號,,,1995/10/6
,4,$2b$12$t8cXiQqt6yNoNN3qgt6OxeOr7Citnr2rQe0AWuispkmW0W3.SOMNa,王怡如,03-81872593,baiqiang@test.com,1,2024-01-28 07:44:23,female,台灣,花蓮縣,吉安鄉,慈惠三街,31號,,,1996/12/27
,4,$2b$12$ncdgFAoR3QO6M86DefTBDebf0cKHZPnYMtHEPd1OCsiietQjRkd1.,蕭宗翰,0937930660,qiangchen@test.com,1,2024-05-09 07:26:49,female,台灣,苗栗縣,苗栗市,華民路,15號,,,1998/8/30
,4,$2b$12$m07KulpXJkKuQkHWiyGgcuIiTsWU/N3SzbZWtDOxZMFCn/xWP96p6,莊瑋婷,09-30550581,dpeng@test.com,1,2024-07-14 11:17:37,male,台灣,屏東縣,南州鄉,光華路,21號,,,1997/6/27
,4,$2b$12$t0y6l6HiNGhOdYQaGLRjcOUb6aHyXXJ1OXUogYkXI.3jC6UUAZUJW,胡淑娟,0936750145,xia79@test.com,1,2024-01-28 10:54:32,female,台灣,新北市,林口區,南勢街,13號,,,1982/4/9
,4,$2b$12$aD.A6oO6U9NiiU2W/4F9OO/LflvFuh.5NY.dqRG7fQ/s8bZ/HaubG,張佩珊,0978172311,tao60@test.com,1,2024-01-02 12:12:33,male,台灣,桃園市,中壢區,高鐵站前東路,3號,,,1981/7/15
,4,$2b$12$/tzDmRrFph3/iT6xVmLPK.AQGXsiuSFxLqQXz8dDZwe5k7XSBQaEy,任淑惠,07-32649357,guiying44@test.com,1,2024-02-05 09:07:10,female,台灣,南投縣,埔里鎮,四維路,28號,,,1995/5/8
,4,$2b$12$702M6qPupkgcC0MMfyjRlu1nzctKoirWFyLGb.67tj0Q0zYjuMKaC,陳冠宇,01-61063824,yanqiang@test.com,1,2024-07-27 02:10:51,female,台灣,桃園市,新屋區,埔和路,31號,,,1975/8/9
,4,$2b$12$Op.PIeHQk7XniFQZ6hGuUOw.zD4v1j5Nmri4WSmPsDyQs2yVqJNHm,張淑慧,02-2582516,nama@test.com,1,2024-04-09 01:14:19,male,台灣,花蓮縣,花蓮市,中正路,268號,,,1992/2/22
,4,$2b$12$TQzk9jQFtp520Ub.czUv3OBA7OwCBr/XQzPbR9cP9/JWPSo8.5YMm,王惠婷,06-11586548,jundu@test.com,1,2024-04-20 01:34:25,female,台灣,花蓮縣,玉里鎮,四維二街,24號,,,1971/6/27
,4,$2b$12$f5cor3vIAo3AlOCs4ulEReWnm/v8cH6KCeeUVUY/Wp6V02UNUKwRi,鮑雅芳,0939162659,xia11@test.com,1,2024-01-03 12:22:33,female,台灣,新北市,板橋區,民族路,32號,,,1996/8/5
,4,$2b$12$rnEZP7kT0A925ASzOzaDVO0YObaht/GweP/g6MYtOHSifVEo8EXmm,李婉婷,07-1768778,yonglei@test.com,1,2024-06-06 09:06:19,female,台灣,高雄市,旗津區,中港街,4號,,,1984/11/3
,4,$2b$12$hKMD4QOKdzo7VtAcL6l5beHRs3HeXY7Xb.kxd1ScJLtbQ9vU.TeHi,李琬婷,04-8715944,guiying48@test.com,1,2024-05-06 05:25:02,male,台灣,桃園市,觀音區,七賢一街,15號,,,1984/10/11
,4,$2b$12$00aSLfEHMfdd9S/MrSOSwOlNh4WjB5OUcRC2mCBlSP6KSiI7ZXTOG,謝佳玲,08-2284765,uchang@test.com,1,2024-06-21 02:39:26,female,台灣,屏東縣,內埔鄉,原勝路,25號,,,1987/7/26
,4,$2b$12$CSKjD0YnHHblJPQQajCAAeILH2K2Rh7hL9yuOPoieQrphBdjayJcm,李惠雯,0975123185,yangduan@test.com,1,2024-05-18 03:06:54,male,台灣,桃園市,中壢區,仁德五街,33號,,,1984/6/17
,4,$2b$12$HeMcsGXXi1ku.zL1aDQKte4Nd0je8w/ZIomDauwzWoYCJQCWKA0hC,趙雅婷,05-67259277,xiulan39@test.com,1,2024-07-14 12:11:17,female,台灣,雲林縣,斗南鎮,義德路,34號,,,1977/1/29
,4,$2b$12$TpAHPgv0uVAZknMELClBK.EKpXjJ02gvNlPJhrNco5d7OU2j7kfMi,李欣怡,02-9758800,fanyan@test.com,1,2024-03-19 11:22:22,female,台灣,屏東縣,佳冬鄉,民族路,34號,,,1971/1/5
,0,$2b$12$bq0Joim8g6TzFqEjmZe21OuChwVMLHt30hZZU2T.eG8L4HR88RDye,房欣怡,07-9475759,wzhu@test.com,1,2024-04-04 05:46:47,male,台灣,南投縣,名間鄉,南雅街,20號,,,1982/6/16
,0,$2b$12$VjttjMPSYPBXBWK00L6ZGecF.279.0LRHLhgIRUHuE/RuS0dJVU66,莫信宏,01-1289415,jiefang@test.com,1,2024-07-28 05:37:12,female,台灣,新竹市,香山區,花園新城一街,6號,,,1975/6/2
,0,$2b$12$NqFwSoMigcV6Q.qi6t7wruxI3e20PS31lnixpzAG91egS35XPXFWK,韓中山,0941620531,tpan@test.com,1,2024-01-31 07:28:54,female,台灣,高雄市,小港區,華美街,27號,,,1983/3/18
,0,$2b$12$KKnzxA6xA/NjwvwCi4XRDeWj7bnyMkChRHSR/syhA7WsMp9ScbNem,薛佳慧,01-35267811,minglu@test.com,1,2024-05-26 07:58:23,female,台灣,雲林縣,土庫鎮,民族路,9號,,,1995/4/7
,0,$2b$12$laCgsE9aeGXJ8SBtVYMtwOyLKws5SwJ0dajQ.V98PtRs6SeXQc.ua,張馨儀,0942397103,rkang@test.com,1,2024-05-22 06:03:55,male,台灣,新北市,鶯歌區,晨曦街,三棟13號,,,1971/7/20
,0,$2b$12$aTDjjlllLjmQTPDckJNiEeSw23vJ7rfStTyXwUO5WE9iWpo0Ifh6a,周冠宇,0946914016,xiaojing@test.com,1,2024-06-21 03:46:09,female,台灣,彰化縣,和美鎮,竹社路,5號,,,1988/10/18
,0,$2b$12$yW.CYawVzXcD7KDXhFKDVui1QLc0vvtSSTYWHz3221ORMFTDX/H8a,劉宜庭,06-97410789,pingtang@test.com,1,2024-02-27 09:59:30,male,台灣,新竹縣,竹北市,科大一路,17號,,,1971/12/7
,0,$2b$12$FuehTNJANXwG9PAzOTh2AuvvCbw0xJk/nkDN9Ln092jylKvPM114W,李彥廷,07-86102373,ming23@test.com,1,2024-08-01 02:50:34,female,台灣,雲林縣,古坑鄉,中洲,41-1號,,,1999/6/17
,0,$2b$12$lcTWREuoKI9QyAYJOT5ThONDtNYUQuG2O2DLLGwZzhBHBdxsNuK2y,明佩君,03-57699307,fbai@test.com,1,2024-04-04 01:21:57,female,台灣,花蓮縣,花蓮市,富裕八街,5號,,,1978/1/26
,0,$2b$12$Lb3z3GOHs8P7kG3wn3MBLeRRhtf/RFsLI6cLVEX0.aYDACUiWqpTa,王怡婷,04-3011933,jing37@test.com,1,2024-01-05 06:12:02,male,台灣,桃園市,蘆竹區,南上路,8號,,,1973/3/3
,0,$2b$12$gZYlwmT3./KYygwZ1dY.Xem6tHtez2Tbmxm4qk8HEWCAwdEzDd22C,孫家銘,0981709487,caogang@test.com,1,2024-05-10 02:05:09,female,台灣,桃園市,中壢區,民溪三路,29號,,,1986/10/21
,0,$2b$12$DCB7tt8XCtxFKKvgwRospOMOAL80gtJzjqBM3Pbtn00RDWWen1YTS,孟俊宏,0997464725,qiang88@test.com,1,2024-03-30 07:05:55,female,台灣,新北市,淡水區,民族路,19號,,,1986/1/13
,0,$2b$12$w2DR61J/tTyUlkwU72P5lOEmZDtszu7dmDM1T99sf/nyNMTI7kshW,紀雅文,02-72811524,xiuyingkong@test.com,1,2024-05-08 03:20:45,female,台灣,桃園市,龜山區,興華二街,35號,,,1972/7/23
,0,$2b$12$DXCcIMw0FWhEgBtF77rqwuHsDneoiuelJ5VLccovJnM5tA9ZO8j1W,周郁婷,0950403806,ilai@test.com,1,2024-05-11 01:02:43,male,台灣,桃園市,平鎮區,大興街,20號,,,1986/9/2
,1,$2b$12$D/aTjRPWVKYJo/oqxqMX4O9HtFt.pQEyrz.FwBj7RbUq0ZEacEIs6,郭心怡,0933657671,wsu@test.com,1,2024-03-12 04:28:57,female,台灣,彰化縣,溪州鄉,中央路,15號,,,1982/11/17
,1,$2b$12$JFTnqu5iM2d6iok4GkJTWO6qKT3UAgyt8989j17US12YStL3TnwAq,宋婉婷,0995169618,chao71@test.com,1,2024-03-28 03:43:14,male,台灣,高雄市,鳳山區,八成街,2號,,,1997/4/21
,1,$2b$12$frIHlxM1UzUlpZScN7Z2mO2EsxeKbHXoLkhSBAYtrdmJUGPHA79De,王雅筑,01-2063414,dongming@test.com,1,2024-07-18 05:20:08,female,台灣,嘉義市,西區福,州六街,33號,,,1983/11/30
,1,$2b$12$38jmD3MGQtHFRZRS6JJXDuUl.UlzNUUB7lWcm9emJzN02QMcSlEbe,裴惠雯,01-7000115,chao82@test.com,1,2024-02-12 03:51:48,female,台灣,屏東縣,潮州鎮,光明路,30號,,,1971/7/11
,1,$2b$12$iIIMqoJyVVda8JbmZCTyTu42xlrCuvSmApsFte/vSCMU7SU86VRUq,吳郁婷,03-86529987,phuang@test.com,1,2024-03-14 02:03:10,male,台灣,宜蘭縣,宜蘭市,民生新街,19號,,,2000/10/6
,1,$2b$12$1xWdj2kmFccfNJVygwlKt.kdhz6NkC4Qg/zBnlUKl.stG5JpnJflW,賀佳玲,0910976732,na45@test.com,1,2024-06-17 09:32:09,female,台灣,基隆市,中正區,信六路,34號,,,1974/8/7
,1,$2b$12$/mqN9OQdDj.vGV.ExhYdKOsAkcIZ14zU0lD91zlYaJGGVBadUQvtK,崔筱涵,0986131969,jli@test.com,1,2024-04-28 05:20:59,female,台灣,苗栗縣,頭份市,中興路,15號,,,1995/6/30
,1,$2b$12$So5ASCTfzVc3WIn5yI7XluH8uS2f0rj2VYmEIllpitsywFEIPXwom,方雅文,09-8280095,qiangfang@test.com,1,2024-04-02 04:03:26,female,台灣,彰化縣,大城鄉,人和巷,13號,,,1992/3/4
,1,$2b$12$duA2zrAippxUNhNwrHoX3OGF500aRyox7BEVbi.qJG0ToTsBlgX.q,黃家銘,0962059116,tianping@test.com,1,2024-07-22 05:31:03,male,台灣,屏東縣,內埔鄉,昌宏路,33號,,,1971/11/21
,1,$2b$12$cn94QuQNDz5tN64IolFuHuUe9yT4RwDMiYWf1Kvb..fi1kxNtcDYu,楊佳穎,00-7763997,wshen@test.com,1,2024-07-24 05:37:10,female,台灣,苗栗縣,南庄鄉,小東河,1-1號,,,1972/6/17
,1,$2b$12$1dbvyFdEKRGV/zvvrplJuORz1WTjff2W9PRYOIeul.sn.PE/MT.nG,劉怡婷,0941637194,xiulanfang@test.com,1,2024-05-31 09:47:32,male,台灣,新竹縣,新埔鎮,三聖路,23號,,,1975/5/9
,1,$2b$12$0i/drBF43826TMXjSM7ywuCBxztX5actD3F27TUSOiOkux8YABxfm,胥婉婷,0997952398,jie24@test.com,1,2024-06-24 11:13:37,female,台灣,桃園市,蘆竹區,蘆竹街,34號,,,1992/3/22
,1,$2b$12$N17UnBdnIFC6SDZUz3Q.MeXgdzzUsuZN6aJ3qqmwggB.t27r93.Sa,錢承翰,06-15106341,glei@test.com,1,2024-01-22 12:31:43,female,台灣,新北市,樹林區,光榮街,23號,,,2000/5/28
,1,$2b$12$iukcNqR1QH3YTlfzxPvlm.7T22SMG6/pkqRJ7MdQp4tb849HoJYQu,陳宇軒,00-2873094,qiuna@test.com,1,2024-07-03 06:52:03,male,台灣,屏東縣,屏東市,漢陽街,30號,,,1991/11/20
,1,$2b$12$yrs8a0hbFBMXXy4LWin5aOLzsYZF9hsZy9G95aBHyGi8aNHWaPKNa,許慧君,09-1623360,qhao@test.com,1,2024-04-28 01:10:45,female,台灣,彰化縣,彰化市,林森西路,17號,,,1974/12/16
,1,$2b$12$74PtagtcdffQo0Olra96L.Sl6DhmAArFeZxwfEs/mEArPzjUrsULG,林宜君,07-4491329,jun13@test.com,1,2024-03-10 03:47:50,female,台灣,雲林縣,斗六市,頂柴路,13號,,,1974/4/16
,1,$2b$12$FR8bo1WBZ9K7qwpc2jSXCeZnw1yekCxnjYo.U.9GeA6Pqtvfw9Sj2,金郁雯,02-17629386,caijing@test.com,1,2024-08-03 03:18:32,female,台灣,高雄市,新興區,民生二路,18號,,,1997/4/29
,1,$2b$12$hYhjqgTfOoljhLKwIFzWPOqs8.fGmsk8It/r31AP.VixYmaXubQ5m,許筱涵,06-11822679,wanna@test.com,1,2024-04-21 09:52:01,male,台灣,苗栗縣,銅鑼鄉,自強路,23號,,,1986/2/22
,1,$2b$12$LYbRXkCRs/c0dZpf0dGW.ezm86mJY7S5imCnkuDUo07VgdZQH2d4K,盧宜君,05-3357905,weitao@test.com,1,2024-03-12 05:31:15,female,台灣,嘉義縣,梅山鄉,成功街,21號,,,1999/9/5
,1,$2b$12$Zmb0wH9W9jQPfr.Nk3c0QurBDayoqlUoeZKCKYV375/3.wn58dUbi,張雅芳,04-2480698,min84@test.com,1,2024-05-02 04:26:54,male,台灣,屏東縣,里港鄉,鐵店路,25號,,,1981/6/1
,1,$2b$12$PgWRGhDdJIjUAYFL5CCnU.i8ltOl/l4h9/2c6mxyBcnuxvYCnFlwm,繆俊傑,0928284783,azhang@test.com,1,2024-03-07 01:33:44,female,台灣,彰化縣,和美鎮,彰美路,16號,,,1987/4/22
,1,$2b$12$NrvtV4E/LSc/Rzip7TXAHOfIQrsaq3uUVFSb7QaD8bDXdL8YivJmm,吳沖,0928908501,apeng@test.com,1,2024-06-01 09:35:57,female,台灣,屏東縣,九如鄉,中路,11號,,,1980/3/14
,1,$2b$12$/iY8gtMhrPrj9ILE/baXfeQaoXUHkQxFq06w8bE8orlC5c7y7CkmG,蕭傑克,06-23390546,songgang@test.com,1,2024-07-18 12:16:24,male,台灣,新北市,石碇區,四分子路,16號,,,1987/9/23
,1,$2b$12$kxBmggZW3PsOtc6EkdGxt.RtQYjFIsFm2cdWhZNc3e5Z4LumnhRXK,楊佩君,07-4158869,yaoping@test.com,1,2024-02-13 12:05:32,female,台灣,屏東縣,長治鄉,研發三路,11號,,,1970/2/9
,1,$2b$12$qCTga09Sm4t1PxWVM1NwleSOt79CLiHB5yXvF10wIQLVP4qvBFqoe,謝彥廷,01-3136137,yongwang@test.com,1,2024-05-24 01:39:17,female,台灣,高雄市,燕巢區,滾水路,4號,,,1998/11/9
,1,$2b$12$gPTQcaSIFHkG10A1Fq38/u8f9YXVQNPSU.GP4RAizawa3rSh7X6AW,田郁雯,0948808852,xiuyinggong@test.com,1,2024-06-20 07:50:07,female,台灣,桃園市,桃園區,東勇北路,9號,,,1993/11/17
,1,$2b$12$rDAjTL55k9VBbLppZKDQW.NJuOjvxF0fVlqLmGCCHpvsr4hga32vq,梁雅芳,03-10914696,kongxiulan@test.com,1,2024-05-26 07:03:01,male,台灣,桃園市,中壢區,仁德八街,32號,,,1997/4/29
,1,$2b$12$VyOt7rKHqtkcXiyEs9f6muK7bDK2b7NGlZ6InSEMKuIFTMpJ2HJea,季佩君,0959810218,taoyang@test.com,1,2024-03-31 09:10:11,female,台灣,高雄市,鳳山區,輜汽北一路,17號,,,1978/7/4
,1,$2b$12$zq4ZMCbStkT1nssiffYu0uWqpWtc45bNcyj4FQxnVqeLfD8S53sAe,何中山,0918944620,yijun@test.com,1,2024-06-27 11:40:29,male,台灣,高雄市,鳳山區,興隆街,20號,,,1988/10/7
,1,$2b$12$8PdjZSPu6JyIgC5XJV.RBOPxmdEOTpsUIaxk1VdGJozGxBs.VByZa,吳詩涵,0975430844,whe@test.com,1,2024-01-13 03:45:03,female,台灣,苗栗縣,苗栗市,維祥街,7號,,,1972/3/9
,1,$2b$12$WW3Bi9j5Y7lf2iy4A1MtP.jdnfRAWD725kbZNetFJ7M/OfTro88se,張冠霖,0982617996,yangsun@test.com,1,2024-04-18 12:00:41,female,台灣,彰化縣,永靖鄉,文建街,29號,,,1996/7/17
,1,$2b$12$/gNTEfqocxl4Td2zSIor0eE6BQ.tlvwUHiTeE7dzRESxTJ7zkw/Iq,劉冠廷,00-94439144,na97@test.com,1,2024-02-28 12:12:17,male,台灣,台北市,萬華區,國興路,13號,,,1978/2/17
,1,$2b$12$vvBSi1ZxnCie/OwmoTNOmuefIb6Jw9J4ei37DEBKXHj.y9ce4x5fS,陳承翰,02-7504061,ezhu@test.com,1,2024-02-02 11:31:25,female,台灣,屏東縣,枋寮鄉,實踐街,14號,,,1975/1/23
,1,$2b$12$IwNAngJQDqY9SMNxKfeSqeGckNN.9SOagxhACQd5xvhGwoYqITjSq,陳雅芳,02-7196987,qhuang@test.com,1,2024-04-28 05:07:50,female,台灣,高雄市,小港區,平和東路,34號,,,1994/12/12
,1,$2b$12$QgfW1gcGTNLNpZR9RNLU9.c98YO.bnM0eDwayUqEMwdZ0E4qnAbaW,嚴詩涵,0948208784,gangshen@test.com,1,2024-05-24 10:25:34,female,台灣,新北市,蘆洲區,永樂街,23號,,,1988/5/21
,1,$2b$12$iS4QeYA2bzff.HFI6gWs8eBspFlBX1Zmj74Ps4/HPClLh0DksrdWy,徐婉婷,0970298778,azhou@test.com,1,2024-06-30 01:39:58,male,台灣,台北市,松山區,塔悠路,8號,,,1988/11/8
,1,$2b$12$cGIxpdLVuCOyw7Hcmr.qB.4N39fqZ41igXO8XxEeKzK09u3BslEtq,劉佳慧,02-67593428,zhongchao@test.com,1,2024-07-04 03:04:38,female,台灣,新竹縣,新豐鄉,池府路,25號,,,1979/1/8
,1,$2b$12$QL1dqv13dWQO7ZkRgbl8ee6xpDu.RCtthK8XYhgxYd4emYVP5kbCy,劉彥廷,04-83305648,guiying81@test.com,1,2024-07-25 04:37:21,male,台灣,桃園市,中壢區,福壽十街,1號,,,1979/11/17
,1,$2b$12$bjedHRy1q5vm6e9/lM5jS./DhTzl1wiqY5MIMp4SlXFnzlP4UlOem,李瑋婷,06-8918341,xia87@test.com,1,2024-07-05 12:00:58,female,台灣,新北市,汐止區,八連路,12號,,,1996/10/14
,1,$2b$12$/NftHxQ/yBJnJ1.nComAKOHDpLKrBn2kd0uWBZXzv.r1nUkXfUGKW,張冠廷,02-51995382,qiulei@test.com,1,2024-06-09 12:45:14,female,台灣,苗栗縣,苗栗市,民生街,25號,,,2000/5/24
,1,$2b$12$ztd.CJ5xFpoTH1V0BsY3CeLaLbpBd7V6/oploeJvuBQ1hvHUrN1r6,萬雅玲,09-91964779,daiwei@test.com,1,2024-03-30 08:31:28,male,台灣,花蓮縣,吉安鄉,舊村一街,17號,,,1993/7/1
,1,$2b$12$Ui4/9RRHqpK1CECq2sg//O8f5qw6nVSdeWXYTUJpKfBiy8Z4FnrI2,鄭婷婷,0960754741,ganggao@test.com,1,2024-06-01 02:43:08,female,台灣,新北市,三芝區,芝麻四街,2號,,,2000/9/16
,1,$2b$12$fLWVMfMXavNEnqRcQNR/VePz5FeeYzE4OpkfECUSY1i9g9Rzmd1TO,田惠雯,0921430870,linguiying@test.com,1,2024-01-10 01:52:57,female,台灣,新竹縣,寶山鄉,寶山路,3號,,,1996/3/30
,1,$2b$12$Jt64CEsbohwzsMGAkrtAgeg28NVhKgmybus0WhZ3DzrFJjqPo3VpC,袁依婷,0978388740,guiyingdu@test.com,1,2024-07-22 06:12:51,female,台灣,雲林縣,斗六市,楓溝街,7號,,,1979/6/8
,1,$2b$12$RljcbLrejtboD6sFTEGDFepqiJTGf0IX/z3bzZHXRoGU7PHkrqz1C,羅冠宇,08-33410991,leilai@test.com,1,2024-04-03 03:06:14,male,台灣,桃園市,觀音區,四維三街,25號,,,1987/3/21
,1,$2b$12$sSMkml0DtU5F7ngasBlBDuVSHowwKi/sPb7gfGENbbdxjVu59NQ9i,張俊宏,09-3950062,mengming@test.com,1,2024-05-30 11:40:57,female,台灣,高雄市,小港區,崇文路,23號,,,1991/7/27
,1,$2b$12$9X0ahUNdMKrCmNlrpqQOz.dx19ONl2SaqtuwebKcZ0nYh5SZ3E4kS,張怡伶,03-21816700,yanliang@test.com,1,2024-02-23 05:40:20,male,台灣,彰化縣,伸港鄉,東州路,12號,,,1988/4/6
,1,$2b$12$hes00jCGyGTJ/5tu/A9D/OBruRLIl5DGcKZfI0cppphuA8qQtudXu,陳彥廷,00-86446025,hyan@test.com,1,2024-08-02 08:36:25,female,台灣,台北市,文山區,樟新街,5號,,,1989/11/23
,1,$2b$12$9XoNIn9YD9xmujnrbXFZgekt8zsv7RRj3EtpQpbUksai3QCs/eGXi,曹雅琪,05-2616387,ltang@test.com,1,2024-01-18 06:34:12,female,台灣,南投縣,南投市,玉井街,33號,,,1976/7/27
,1,$2b$12$b1rt8zqfugrRw9yL.yJXuuWyxpMXJFInGjNBIFgn6f5dXa6ApMXy2,董淑玲,03-7828911,tzeng@test.com,1,2024-01-19 10:35:52,male,台灣,台東縣,台東市,大學路,18號,,,1990/12/18
,1,$2b$12$q3cUOLRSFXdJBOMHGiKsi.URQmjDghHGhSU00M5INDGIvaKgQDsh.,方彥廷,00-3464133,jing31@test.com,1,2024-05-12 05:40:49,female,台灣,新竹市,香山區,至善街,34號,,,1987/1/3
,1,$2b$12$6D9ScU6g5vYMlHmEPGOGJeG6mPjcu9RLpytNhSZaSM7nayl3/R6WK,張怡婷,03-4259823,mingjin@test.com,1,2024-04-05 04:40:11,female,台灣,新竹市,北區府,後街,8號,,,1990/4/30
,1,$2b$12$Opt8o8DVuH8/CPXYPqwcKOBvlXDAW/CEzm0TA/Tv.4hUx7tgsNeWC,徐龍,0953048103,ping86@test.com,1,2024-07-10 01:37:34,female,台灣,彰化縣,二林鎮,中央路,27號,,,1983/1/15
,1,$2b$12$8Jr3buoG6w.W4CaCHJ49DO1fPGd9eCM0nmKleEybx1nRlA5ialhaS,何詩婷,0980937528,qiang31@test.com,1,2024-05-17 11:17:16,male,台灣,屏東縣,枋寮鄉,東林路,22號,,,1986/2/19
,1,$2b$12$/Uuml50ZirIeRYSB68iZre6jYJlGdNmp..103zftW9vnKwkbBUWyS,任靜宜,00-27540305,guiying23@test.com,1,2024-07-27 11:29:53,female,台灣,彰化縣,和美鎮,北明路,9號,,,1977/2/7
,1,$2b$12$MeGYILj3Son6z3fNJdGl9.4XyGAVwEJazGEUK7WZVX62QjUd0kkWa,黃傑克,06-2320425,jinghuang@test.com,1,2024-05-08 05:50:09,male,台灣,彰化縣,鹿港鎮,安福街,16號,,,1994/7/16
,1,$2b$12$lYAzTo41O9N7FjB39M02OuNKKWIN63KYFpOUQg1I2hnsG6QjBMyzS,薛冠廷,03-4834710,yang74@test.com,1,2024-04-22 06:27:42,female,台灣,彰化縣,二林鎮,文明路,20號,,,1989/7/10
,1,$2b$12$2fmqJE5d3y5BRY0gK7D9hunoSCoeMxCvsFc3QtH/XdEwGndD/xez6,曲雅涵,07-54219324,dwei@test.com,1,2024-05-27 02:22:57,female,台灣,雲林縣,斗南鎮,大安路,24號,,,1973/4/1
,1,$2b$12$nwqsoeVMEvh2M9U2A0vt7.yEERMJDxdtxZpXq9UJGUDkGMd/KSQ86,彭欣怡,0989666822,jingyao@test.com,1,2024-04-15 10:39:19,male,台灣,宜蘭縣,冬山鄉,大進五路,4號,,,1987/2/3
,1,$2b$12$sqi78Q4.uvVEIgsNRd9HeuJYUwcbVICfYg13Rveh57CAjht7s4oH2,楊欣怡,0945861387,isun@test.com,1,2024-03-22 07:47:05,female,台灣,新北市,瑞芳區,籠山路,9號,,,1990/8/22
,1,$2b$12$zStYbdf497QbOS4qXNXlUO7Zj0PcHi/wh5amzFdFL2O8nhUV03faW,朱俊傑,00-50244973,fanglin@test.com,1,2024-01-08 05:03:55,female,台灣,彰化縣,花壇鄉,花橋街,1號,,,1975/7/6
,1,$2b$12$q8CpqkG4i.eZxlvuVjnETu1bcGfusSfqCUJY6WfQK/Dcj0PBn3PgC,馮思穎,02-5468418,lei66@test.com,1,2024-04-01 06:59:57,female,台灣,屏東縣,南州鄉,三千路,15號,,,1975/1/7
,1,$2b$12$MXZBRrFsBhtisH7xb9LB1OleusbhQT7l11NTMye3v/6ohart7KVr2,張冠霖,04-78769288,qiangliao@test.com,1,2024-07-31 07:10:59,male,台灣,彰化縣,溪州鄉,健中路,24號,,,1972/8/4
,1,$2b$12$balzCbygsDIvSfctnp352u9BLk29hCWgtvN19gm4SAoaDue9j4qRO,郭佳蓉,0982932527,aren@test.com,1,2024-03-05 01:32:37,female,台灣,桃園市,龍潭區,民治一街,32號,,,1990/8/12
,1,$2b$12$T1JF32pDIORkoTLfFb2cZOti2IgS3u7Kvt1gA/Y2POTgSHkAt5LvW,余志偉,08-82022482,wenjing@test.com,1,2024-08-12 03:26:35,male,台灣,澎湖縣,馬公市,莒光村,81號,,,1997/6/1
,1,$2b$12$JAP2DdFLlTDmeTwiGL3wZ.x4D10LSiyWh7rhmhSMTKBvwu08PYCaW,石怡婷,08-7384913,the@test.com,1,2024-07-31 10:14:19,female,台灣,屏東縣,高樹鄉,長美四巷,22-1號,,,1988/10/16
,1,$2b$12$n80VVWVuqpU7rc.jw96Y9uQcCP9..JfWrmdqNyAT6EVcNn/1W3Ymi,隋雅雯,0919523262,minsong@test.com,1,2024-07-09 01:13:48,female,台灣,桃園市,桃園區,江南十街,7號,,,1991/2/21
,1,$2b$12$tw/In/XGAxzIGbkZFh21/e8j.LWk2ZEbE1IV0D9MtNlKZUJEnywRW,王家瑋,03-7355241,tao29@test.com,1,2024-04-22 07:00:47,male,台灣,宜蘭縣,冬山鄉,中城路,27號,,,1983/3/12
,1,$2b$12$xDeOzLdcxDK06bcVZAs2j.A80cebi8Wv6X44Erhfmsil3bGoBAVc6,馬雅涵,07-52416723,jiecheng@test.com,1,2024-06-27 03:39:01,female,台灣,桃園市,龍潭區,富華街,17號,,,1993/4/28
,1,$2b$12$rdyuAxxpeGQd8NLywnLEHeIkNW06UCGuCNLr1RAt6JufFMVr6xYKy,盧雅文,0951165241,cuijie@test.com,1,2024-02-23 09:55:22,female,台灣,宜蘭縣,員山鄉,惠民路,12號,,,1996/12/10
,1,$2b$12$dBhmT3VV6NdpKkoMYOTwzums.NagQFh0GbD3ci1WGGOvADg47nNCe,鄭淑玲,00-86525408,fanxiulan@test.com,1,2024-08-14 10:43:18,female,台灣,桃園市,八德區,城仔街,2號,,,1982/5/11
,1,$2b$12$HSodJm9ttE.5H7YmtAmZQuUPBYevW8dkvLOpB.AbHXYhiOLvb8PXK,溫宜君,09-1100111,tyuan@test.com,1,2024-05-21 06:24:09,male,台灣,桃園市,龜山區,華亞二路,5號,,,1991/6/24
,1,$2b$12$XRglBu2todX5cyVH3J5kR.X7QkycWE9ppl5/hXDk9HK4M5DrcUq5O,靳淑華,0905659282,maojuan@test.com,1,2024-04-11 08:21:06,female,台灣,雲林縣,斗六市,警民街,27號,,,1987/10/24
,1,$2b$12$wVt6D5Fq8fo39BLXvWEaG.00iwDqcGYaiWxwk/0H4NZRheqX7Ff76,李琬婷,00-8410580,ikang@test.com,1,2024-04-13 09:56:37,male,台灣,新北市,三重區,通華街,14號,,,1978/6/16
,1,$2b$12$DVBhxMcDy5kRjLg/91uM1.5kzl.HdsKPNjCXUOGOhDQaQsfxrINv.,王佩君,0909489490,yeli@test.com,1,2024-06-11 01:41:49,female,台灣,新竹縣,湖口鄉,仁樂路,13號,,,1993/2/6
,1,$2b$12$BCd5efGCDN9BZbHzJ7byKu.s038cy010HqiQKHEr98v.93s2KsqHe,王雅雯,0943849894,leipeng@test.com,1,2024-01-05 03:55:52,female,台灣,南投縣,埔里鎮,虎山八街,6號,,,1971/2/5
,1,$2b$12$dVGBpVT2snWUO.RPLSjUGuJIJpr7yOfUuYgM5P7zk5kbvD25x/50C,董怡君,0904398942,xiuyingliu@test.com,1,2024-04-10 02:07:57,male,台灣,高雄市,大寮區,崇恩路,18號,,,1994/10/5
,1,$2b$12$ZPL8sod8gG24iGUVW1OUq.AkpZBa9mM3zTdmA5tW2niUvclttzHhy,李哲瑋,04-33378164,sxue@test.com,1,2024-03-07 03:10:25,female,台灣,屏東縣,枋寮鄉,新開二路,28號,,,1998/3/10
,1,$2b$12$WbSPHrwATxJMgPgWgaqXLO6xUjyILfN550NfptR4iGqTTl0ms2Ozq,左宗翰,0983998325,vcui@test.com,1,2024-02-09 05:40:47,female,台灣,屏東縣,林邊鄉,光前路,26號,,,1986/4/12
,1,$2b$12$xsn4ycB39cF1O5Oq.gOZzuODTue5s5dw/jM6ugkYq2vQ7NjTzVdEG,李家銘,05-79249989,yongtao@test.com,1,2024-07-31 03:35:45,female,台灣,桃園市,桃園區,慈光街,35號,,,1970/12/31
,1,$2b$12$saAXtc71zNmjnl7qPfkRE.DC9iHr3vOR64rVaBk0TO3eE9Kx.Cn46,張佩珊,0946659921,jinghan@test.com,1,2024-05-22 06:42:20,male,台灣,彰化縣,員林市,香山三路,4號,,,1999/8/18
,1,$2b$12$nduRm4mzvC3BaLUCrbdFr.9dYh1R9esBJ5FpVYp446jyuli5f1zLC,徐志豪,06-94621247,renli@test.com,1,2024-07-19 12:08:46,female,台灣,高雄市,大寮區,崇恩路,34號,,,1987/12/14
,1,$2b$12$cRkXrTPrvwpcQohjmf0AOOPReWdIDdYF9sar9cikiLIB2.Oa5XzFa,黃筱涵,0925869465,mdong@test.com,1,2024-04-30 01:03:41,male,台灣,彰化縣,彰化市,師大路,29號,,,1985/2/22
,1,$2b$12$ifVKcsPoFAJO2aV08ehQeuqAyspv/S.201Om.Dp4Aohi79LFGl8zy,符雅筑,04-2518429,fangduan@test.com,1,2024-06-13 08:41:49,female,台灣,新竹縣,北埔鄉,伯公坪,22號,,,1996/2/4
,1,$2b$12$pmh3drsUjpVrZVKZD/q2/.4vg6I54Da3k91hxsP64Ewq/mlwwXGqW,鄧詩婷,08-7642044,qiang99@test.com,1,2024-05-15 08:28:12,female,台灣,桃園市,龍潭區,竹源街,20號,,,1980/1/14
,1,$2b$12$HePkavJD6WzhR/CH5/kJjug82/JcZJ/ADFd6L7Id1dQVv1uXRtJTq,楊依婷,05-5224247,yang66@test.com,1,2024-03-24 05:59:21,male,台灣,桃園市,中壢區,珠江街,26號,,,1972/12/1
,1,$2b$12$JSJV8C5C9EG85nv97f0VnuFeuaZVeKK1bORhbe3I2d1/mQVSJ60uG,申雅涵,09-7889954,dongjing@test.com,1,2024-06-27 04:07:40,female,台灣,台東縣,關山鎮,建國路,8號,,,1970/1/8
,1,$2b$12$YVLDEmIC9wWbbYh6vyUPzubMusNI5bKTT0REQvZhMEv8p6XQz46W6,周思穎,03-9667909,jiezheng@test.com,1,2024-03-28 04:14:25,female,台灣,彰化縣,大村鄉,福進路,10號,,,1985/11/29
,1,$2b$12$Qy3qT3PTZfHpgM5Eem0XjeQiMmulb2I5xJcnms2kuHd0CcpZkdEvK,曹怡如,0902816466,zengmin@test.com,1,2024-02-02 06:37:51,female,台灣,屏東縣,恆春鎮,曉南路,2號,,,1978/5/17
,1,$2b$12$.GZxHbinYQmGU0BY7ufJLOt30gba5pNvEZj2PuWyDyqdKNMFcVRvi,楊俊宏,07-42502695,ping97@test.com,1,2024-07-15 01:48:42,male,台灣,新竹市,香山區,華北路,30號,,,1990/2/14
,1,$2b$12$y.Jmdcnzf9X8OsACjYGta.l61XqkNxtM52Gmin1G84gqKwJHtuDg2,宋沖,0957327423,zouxia@test.com,1,2024-01-25 05:54:31,female,台灣,花蓮縣,吉安鄉,宜昌三街,17號,,,1993/10/26
,1,$2b$12$w9deLw9nBne9aK174LCMgeU56JuAstw6yguzkXMPBRZFUbw4XT6YS,江怡安,0999902221,ming24@test.com,1,2024-06-13 05:22:44,male,台灣,苗栗縣,竹南鎮,建中街,8號,,,1970/3/18
,1,$2b$12$5NlSCrWbH3xQxfD28H5ErOnJ7mtMaDhU4eDwG168JfwmXfHVu1AcC,章怡萱,0962912452,wei44@test.com,1,2024-05-01 07:37:11,female,台灣,屏東縣,潮州鎮,介壽路,30號,,,1997/8/16
,1,$2b$12$IAILtVala.d2xF.DlZ0Cv.XyqMyo4KSVjZVVgG4OwXyZlRaiVJj0C,鐘馨儀,03-1175740,hxiang@test.com,1,2024-02-20 06:37:56,female,台灣,嘉義市,東區順,興五街,12號,,,1970/11/19
,1,$2b$12$6jmuZurQb6UkQYmoIMcRROQ9zdm/fGI9PEKXhMAAegxC04YqsJo42,謝雅萍,01-89341557,tangjuan@test.com,1,2024-04-11 03:16:18,male,台灣,宜蘭縣,頭城鎮,二城路,27號,,,1983/1/16
,1,$2b$12$Nz7pNvz7e6LMwOQYOvkPnOHPPjRJxhwAA.YMY5RWTMVYlK6cp4IZe,鄭佳樺,0926395777,haogang@test.com,1,2024-05-05 06:53:06,female,台灣,高雄市,小港區,達德街,35號,,,1990/2/23
,2,$2b$12$ZWm8fUe.eFeA9DDLkNtcyuD1nFf/2eSKnHdJc13sjjYdUFnc0tfY2,閻佳穎,08-91902372,fangding@test.com,1,2024-06-03 04:01:35,female,台灣,台北市,士林區,文林路,7號,,,1974/8/26
,2,$2b$12$eVa1ehBjKdTSxyezGJgZaunMOpvdtAfqsnpmNo9l1bHXvTEn5lwRW,王雅筑,08-6071209,weilu@test.com,1,2024-06-05 03:10:51,female,台灣,嘉義縣,民雄鄉,裕農路,33號,,,1974/1/19
,2,$2b$12$xBHHcspcSwxJAMnR/AtldeW1xFFEUoNr4NuS2lbocFsNVHnhnYYkS,李宇軒,08-77098741,gongwei@test.com,1,2024-07-21 09:38:47,male,台灣,嘉義市,東區林,森東路,16號,,,1982/7/7
,2,$2b$12$b/cOMGdMXhj1.FlmIZaOAuRKAPcD/PVMi/Ealor1IN3N6xGV8xVRG,魏瑋婷,08-12104599,longping@test.com,1,2024-06-01 01:42:35,female,台灣,桃園市,大園區,福德路,1號,,,1991/2/21
,2,$2b$12$FnWpRuSyIqFfUeh2DTDNIeTJjxv6g3GVKC1Nrz2Yzr/wLWe5m6Zxa,曾淑慧,04-6890273,gang20@test.com,1,2024-03-20 01:58:44,male,台灣,新竹市,香山區,浸樹街,32號,,,1991/11/26
,2,$2b$12$M2oUijXWA50nNEi43cuI3uIidwEVQhZOEB.jIyVOVjK350Aul1R5m,周佳慧,0941258154,yongkong@test.com,1,2024-05-07 11:32:38,female,台灣,高雄市,三民區,青年路,7號,,,1990/7/9
,2,$2b$12$m6bGh0vnFHi.IBWdJxQ5j.omJpheLKgPIY5YaBZEQoKtFU9xM7CU2,宋怡安,09-96037717,wuyang@test.com,1,2024-08-01 10:33:00,female,台灣,桃園市,八德區,新興路,31號,,,1976/7/21
,2,$2b$12$TjXdnYvTTIDFCEZLpIkoC.jro08.0Vmzvtu9H4kQ8tjsP3uYV/Ot.,段龍,03-56632762,xiamo@test.com,1,2024-03-12 08:09:57,male,台灣,雲林縣,古坑鄉,石橋,4號,,,1988/10/12
,2,$2b$12$fdLX1TxIKVDC5Lp0cM7x3OegmrDkuUTmYO0qHL71KwElpoj7Eea02,王冠霖,0967751049,baichao@test.com,1,2024-06-07 05:58:21,female,台灣,新北市,板橋區,滿平街,20號,,,1970/9/14
,2,$2b$12$bTyO1GHf6l0n2TJkZyLng.SxktytHsXV26TEe9Z47cbg6Ly7sINK2,杜雅涵,01-35761675,ghao@test.com,1,2024-03-26 12:50:55,female,台灣,新北市,三重區,仁孝街,29號,,,1997/5/20
,2,$2b$12$3Rcoiq6Qwf8E25gLszFWQ.P02JoS99R3QJpXXYH0EXiuONRFixkK.,徐雅萍,04-84446516,wangfang@test.com,1,2024-06-07 02:05:29,female,台灣,花蓮縣,吉安鄉,東海十四街,35號,,,1984/3/18
,2,$2b$12$P24yDeXo7TYvgYt/kHLLkO7o2WgSSV.nm8KFMxjRdhNIZ6rtiHDO6,張佳穎,0982977807,daixiuying@test.com,1,2024-01-17 02:25:23,male,台灣,桃園市,中壢區,青園路,14號,,,1979/6/10
,2,$2b$12$k6SlRclQslJ.YRUF7Pu..uH1E7iw1ucyaS/E4a4vliT4iKqFvN2iW,黃龍,03-51526344,baiwei@test.com,1,2024-06-11 12:08:16,female,台灣,南投縣,南投市,復興路一街,29號,,,1974/3/13
,2,$2b$12$2HAIE3Ztn3TIqgk8l5fVUep4KYgSjknRt1mv2zqtXdZtw.Bda84AO,梁美玲,0965990167,kangli@test.com,1,2024-08-10 06:25:12,male,台灣,高雄市,阿蓮區,忠孝路,10號,,,2000/4/8
,2,$2b$12$15CYaUMAyu8q9NwLqh7o/OBjrelEZwLdfCLu141pq0jBFtXH2R07K,章建宏,08-7666949,tfeng@test.com,1,2024-04-25 06:31:06,female,台灣,屏東縣,竹田鄉,東西十四路,31號,,,1990/9/2
,2,$2b$12$lwN/tgT/JbBEhnlltexlPuQJtqSqQtOlRqNw9i.S3ax86GunJH5eO,張俊賢,09-33509361,yan54@test.com,1,2024-06-25 08:37:47,female,台灣,屏東縣,東港鎮,明德一街,26號,,,1978/2/28
,2,$2b$12$1gaRp12p5ghY18StU4wsYeV38HAlmlH6IJk24xSRXsbPT0ey7WM8O,蕭佳樺,04-6539339,mingtan@test.com,1,2024-04-16 09:04:36,male,台灣,高雄市,前鎮區,凱得街,22號,,,1991/6/1
,2,$2b$12$m/DOHhpPo3.NpoBRwNSAIuhioVOb31RDNIesp5j9I1im6Mo9aoG7W,杜中山,09-4506831,huangmin@test.com,1,2024-01-26 11:24:57,female,台灣,新北市,萬里區,漁澳,10號,,,1999/1/2
,2,$2b$12$rWmbml4z6.YRdDa1dwjsmeGjM9A0FCt.3dDEpPf7BsaawVypzUosK,李思穎,08-78760559,xiongxiulan@test.com,1,2024-01-24 09:09:04,female,台灣,花蓮縣,光復鄉,中正路,20號,,,1999/1/28
,2,$2b$12$iR/3LPDncplFYaZfumUcy.VmNiOllIWyeUFPz/dFX18m/l0RWdmAG,孫家瑜,02-4075050,fujie@test.com,1,2024-03-29 06:18:03,female,台灣,屏東縣,內埔鄉,建華路,17號,,,1994/5/7
,2,$2b$12$zJkrvr0ob5ayY.qTCXICCeoG5PPIWjHIOE.ZrB1Aq7qz5Q1qGR1T2,楊怡伶,05-76804017,chao23@test.com,1,2024-01-08 09:54:50,male,台灣,屏東縣,佳冬鄉,佳昌路,1號,,,1984/1/11
,2,$2b$12$irQryZMx5f9z9bRfkw4H7.Eys0JKD0tQcv2kx3tTWztx7.ohL/j5G,鄧承翰,0904150321,cxiang@test.com,1,2024-08-12 04:49:20,female,台灣,桃園市,觀音區,富源二路,23號,,,1997/8/17
,2,$2b$12$bYCnupblDWzINpHSxD1U2eVWb2pqJ4RmZyEisEX/Gtdu/A8F7y7Fm,劉雅琪,0918863595,haoli@test.com,1,2024-01-28 10:06:57,male,台灣,高雄市,鳳山區,國民街,17號,,,1996/10/18
,2,$2b$12$h28QV8SvVc3Wi1FDIIbty.uW9E3Tx3c/VAkabIMSL4wVySIZ7ehri,孫詩婷,09-9669217,caiyang@test.com,1,2024-02-08 05:30:41,female,台灣,新竹市,東區中,央路,30號,,,1994/5/19
,2,$2b$12$Ie61R2Z9rJqYV2eOB7IoyunVg/GjTW8Hx.6cc0BsEE2Gu.aNu3mBi,潘承翰,0995695881,ming11@test.com,1,2024-02-25 07:23:13,female,台灣,嘉義縣,布袋鎮,碧沙街,35號,,,1985/12/12
,2,$2b$12$7l7jN73U6/sWkJttMvKsEOIzEuzIvMhDgSbrSQF1pfh8KU3CPx.Ia,曾哲瑋,0947232163,wyan@test.com,1,2024-05-22 10:04:10,male,台灣,南投縣,埔里鎮,墘溪路,9號,,,1983/1/17
,2,$2b$12$yUcE0Awfild75qbOZLZqg.67wHXGxDooXqncfmhgZltHL4NM12a9i,滕琬婷,0965748164,jieyi@test.com,1,2024-04-13 07:00:36,female,台灣,高雄市,小港區,復華路,30號,,,1974/4/26
,2,$2b$12$LvC4o40mzQTuDuOFjF/hYehq4u7A52nhjlkNtB1fi9Uua0ziPqFIK,陳郁雯,0918876891,qdeng@test.com,1,2024-03-05 08:02:58,female,台灣,桃園市,楊梅區,益新二街,3號,,,1988/12/7
,2,$2b$12$Fl6p9nLHTFQEgiFaNWf.ceNp1mkGOB5wTLt7P1N7lOdoukYpJmpAe,張淑華,0975842296,min70@test.com,1,2024-07-26 03:19:42,female,台灣,彰化縣,北斗鎮,中州路,11號,,,1997/2/26
,2,$2b$12$fr9Op./a334Wk4eHgKjcq..vwtWLsM.2OMeK9G8kllh/XCgDg48bC,梁俊傑,02-1436449,longmin@test.com,1,2024-07-22 11:32:28,male,台灣,高雄市,三民區,民成街,14號,,,1992/3/30
,2,$2b$12$KqoRlMfJksojcbaZ4WntcOUt0a0OkjbsUCSPG0MJAU3yJg4YCjekS,鄧家銘,06-85570162,juan95@test.com,1,2024-01-02 07:42:39,female,台灣,台東縣,成功鎮,三民路,9號,,,1980/1/10
,2,$2b$12$w5GPnDC5HbfltHZkSGnBVe6sfPROOTtxD5WZ9AmztSre4RvNO9UgO,劉志豪,00-73250576,tao36@test.com,1,2024-07-12 03:30:23,male,台灣,台東縣,台東市,蘭州街,20號,,,1980/2/16
,2,$2b$12$YXQxd3a.nYBjqi76BsLCIunonWsy6P2uo2pR3.j/3XgyPjTeFqJam,孫怡君,09-52506749,wei44@test.com,1,2024-06-19 06:43:04,female,台灣,宜蘭縣,三星鄉,義平路,14號,,,1997/1/7
,2,$2b$12$ywybo6QlVIcDkXZVQCn8a.uSNC1u3m0I8iytRs24NVo83isrxgirC,劉信宏,0997140443,juanmo@test.com,1,2024-05-19 08:50:17,female,台灣,南投縣,名間鄉,彰南路,34號,,,1983/11/3
,2,$2b$12$lonxb/pdCkntntgPH.enf.Zn0K28cAowoKf.KdlP3cBQM1NBq4Wdu,李佩珊,00-33840392,xiaoyong@test.com,1,2024-08-10 04:28:48,male,台灣,宜蘭縣,三星鄉,星洲路,26號,,,1974/6/22
,2,$2b$12$UzlF1tNjN7SJg9RVBcl4vOYJ5g.yU3y6SaPSwf9NDz6mGzrFPZA4C,韋龍,07-1292340,ming08@test.com,1,2024-04-30 11:52:56,female,台灣,雲林縣,北港鎮,新民路,2號,,,1973/10/28
,2,$2b$12$PPKwgKEkrrMnm4kHbPxXNOEECz8Mp.NTlCQLr4ilUjK4MLXwtpQdW,陳俊賢,01-3524565,qsun@test.com,1,2024-03-01 06:59:56,female,台灣,嘉義市,西區光,彩街,3號,,,1975/9/22
,2,$2b$12$N3kcIrwaef9GHhGsG9NjRensRYDV.nLhTTZrujZd2nNjXbfkm2O7W,陳惠雯,04-5712419,liangyan@test.com,1,2024-02-14 01:18:41,female,台灣,桃園市,龜山區,同心二路,17號,,,1993/2/7
,2,$2b$12$QmdG7qI.1RYcj4INkFEhQOjrJHKkU2yidEp5VgUZVrQopWZQn3iSW,黃婉婷,09-82495550,min59@test.com,1,2024-04-13 10:14:02,male,台灣,台北市,北投區,宜山路,27號,,,1985/12/27
,2,$2b$12$lVmWujlRLKI9e8bf.fGxXOsPNQloQ02fF77aIpkpkRnbPoPW/zFCi,馬家瑋,08-69962740,xia56@test.com,1,2024-07-09 10:59:17,female,台灣,屏東縣,潮州鎮,榮吉街,3號,,,1993/8/7
,2,$2b$12$UTOyDRFMm4NGJd03Lq.m9O2yob0ycPCw/PKoiWFwuUgksCwuy1IQ6,張家瑜,09-63694777,xiajing@test.com,1,2024-06-04 02:07:21,male,台灣,新竹縣,尖石鄉,錦屏,6號,,,1995/6/16
,2,$2b$12$d2L2ScaBstMdvU21c0JKSeeBAwTlJFcL4YGLx.duhFdCEp33PQ8UO,牛雅芳,0951222814,xiulanzhao@test.com,1,2024-03-23 08:00:21,female,台灣,彰化縣,鹿港鎮,港后路,23號,,,1973/3/31
,2,$2b$12$XK1QDij19iOtybMnywvo/euXlO1gUfKHNemsUKTTbq3S/q1rSGslK,李宇軒,03-9683969,ayu@test.com,1,2024-06-13 07:41:02,female,台灣,高雄市,林園區,東林東路,5號,,,1975/12/9
,2,$2b$12$s6JPMu0HRhroHgBHMBmV6ukMSGRya/3hjLjF9JCNg0v2i7IoCw3.m,曾淑貞,03-84504666,lgao@test.com,1,2024-06-07 04:30:06,male,台灣,新竹縣,新豐鄉,至善巷,3號,,,1985/9/4
,2,$2b$12$uhwmQhxTd5s62QvBs.eCv.iFNaArnJr6sPA//RFzShqDTEgY/K0fS,張羽,03-69819434,xiulan07@test.com,1,2024-01-17 12:06:46,female,台灣,新竹縣,竹北市,新光街,18號,,,1984/8/12
,2,$2b$12$FBwXzcK/GA93L3labug5n.mt3spv1Sbyc.I.7HSVw6wr7ZS099AoG,黃中山,05-1244300,xiulan29@test.com,1,2024-01-25 03:35:26,female,台灣,雲林縣,北港鎮,口庄,12號,,,1994/7/25
,2,$2b$12$e///8JEhtfVdiSzxMKJ0MOxy65LO6ORYuJzGPcl25M8Qzcq1OTt0K,鄒家豪,0950185698,qwu@test.com,1,2024-05-17 02:19:28,female,台灣,桃園市,中壢區,內厝三路,9號,,,1988/7/3
,2,$2b$12$/cYgdX6M5B3DzwwhZiN5oe6aiw7LzVhJSSbHYpFuekkgiUbTcFRxW,鞠信宏,04-16682400,shiyang@test.com,1,2024-05-12 11:53:06,male,台灣,嘉義縣,民雄鄉,民權路,32號,,,1989/1/2
,2,$2b$12$ov/S3.x6Pn0lpiWUFtNeKuk0UHnSTlA4olFFwUMS4rUkritefyCzq,楊雅萍,0974248988,yang85@test.com,1,2024-05-25 01:48:42,female,台灣,苗栗縣,後龍鎮,中山街,6號,,,1974/7/7
,2,$2b$12$bAAczY125fXxz26zELjScuojGUX9et0xmSrKTfI28TViI5uPv1IVy,蔣思穎,0957203270,sfu@test.com,1,2024-04-29 02:23:51,male,台灣,屏東縣,高樹鄉,蕉場路,12號,,,1972/7/29
,2,$2b$12$9yJGF4id4FpW0emKAJ5/ge0zFMAHzX5OF8Ial49BIouIQRBSbZP12,陳信宏,03-2514712,zyin@test.com,1,2024-02-26 07:09:01,female,台灣,雲林縣,土庫鎮,文興街,29號,,,1998/6/12
,2,$2b$12$dP4TQMDxM/F6aIz/Y6bz3eYPmpQxc4VIyBg8UyoynkJ.ZYObcOXzy,朱傑克,06-3557196,flai@test.com,1,2024-02-14 11:32:31,female,台灣,屏東縣,新園鄉,港庄路,23號,,,1977/3/30
,2,$2b$12$9vhLnXpS3Iqa6mnPzJdo9eLS.dL1N9hLNYCYlXPliMR8XnXpBbaim,田鈺婷,09-96866074,liaoxia@test.com,1,2024-07-31 12:33:01,male,台灣,嘉義市,西區重,慶二街,27號,,,1995/10/16
,2,$2b$12$p8yNBwSVIQW0NFFCsWpXD.ZJeiHf7cNK5V2Ln3tXwV1OxvhcHVK0O,王宜君,07-50624878,junlu@test.com,1,2024-06-01 01:08:28,female,台灣,苗栗縣,苗栗市,正發路,5號,,,1994/10/26
,2,$2b$12$6y7QZXhzPyMKKaJtLIGx8u8S4r2z2jY.0Jcf7nQPAnWEcOeaJQkKm,吳惠婷,02-52157931,jie57@test.com,1,2024-03-18 08:03:47,female,台灣,新北市,鶯歌區,國光街,20號,,,1999/12/27
,2,$2b$12$4vZJM90RJ6k1PHIpwnkSyu1GtMsfGWLoSfgaRNrTLCL7t6COJeeR2,周佳樺,08-4585588,tdeng@test.com,1,2024-04-29 01:36:55,female,台灣,高雄市,鳳山區,華興街,7號,,,1986/10/29
,2,$2b$12$FX3D42bae0FX8SBIQTuLJuqJHtOTdYb6q1AR5W8DsMAZtwlxlBODG,吳雅萍,05-4202219,gqin@test.com,1,2024-07-08 05:27:16,male,台灣,高雄市,仁武區,澄新六街,35號,,,1976/3/4
,2,$2b$12$aC0d6JzkPFTaP7WnsxGbcegQw3q/KO0qrYF.HbAHq1h8amI5eH9me,李建宏,0921948835,dongming@test.com,1,2024-07-16 08:23:41,female,台灣,桃園市,觀音區,八德四街,30號,,,1987/12/3
,2,$2b$12$rfK5y4KNsK2EJ8Wockuesur05bf2g5P0DduJSGp3opA7.cfv3Z0cy,丁冠霖,03-2213459,ming25@test.com,1,2024-03-30 12:44:08,male,台灣,新北市,林口區,吉祥路,5號,,,1991/11/11
,2,$2b$12$AoFOiW0C1LICpsu4nOulROFiBGo4A60VNLX62OjP2hQG3Gr4.eN2q,王淑華,06-1947970,yanjia@test.com,1,2024-08-05 10:08:23,female,台灣,花蓮縣,吉安鄉,永吉路,14號,,,1970/8/17
,2,$2b$12$pVwjufHq1J9ZKX7vx.JgjucueDpDjv0cBZ/mZyLU309ZtqElKmxFy,李郁雯,02-66735436,yanmin@test.com,1,2024-06-02 04:28:35,female,台灣,嘉義縣,大林鎮,育英街,1號,,,1971/3/27
,2,$2b$12$6B07mmVpov68Iic7vKEpPuGS/QLAPvriQ1t5GNO7vlMIo7OHwUVv.,黃詩婷,09-30580310,fangming@test.com,1,2024-06-04 05:38:29,male,台灣,新北市,泰山區,中華街,9號,,,1995/2/5
,2,$2b$12$wXBvbgwaH0EqI9ZvLvRq6OeDUYSMIVR3XsUsEYNeoRKN.bTM6WsdC,張詩婷,05-84529624,dzou@test.com,1,2024-04-28 09:06:54,female,台灣,屏東縣,萬丹鄉,泉利街,16號,,,1986/5/18
,2,$2b$12$lDxI43rU7PvjINtzxF8AYumk9OcfkGdx7Eeip/KL5KEmXGbQ.ulZC,李俊宏,06-99456581,yangzhu@test.com,1,2024-02-06 12:06:05,female,台灣,高雄市,楠梓區,高峰街,24號,,,1971/11/24
,2,$2b$12$5q9cNkgqI8A9KK8Gw9QHHeGtD3DaMRdq6thw5pCb8dFDYNnsJJ6Va,覃淑慧,0975893926,pinghan@test.com,1,2024-07-25 08:46:35,female,台灣,新北市,林口區,文林五街,13號,,,1977/4/15
,2,$2b$12$XF1fh4B1ug0PBNGJ83fIu.BlgM9v6HTVwwh.sDPotggheq3HOz0WW,白宜君,09-94993554,duanfang@test.com,1,2024-03-01 02:57:52,male,台灣,基隆市,中正區,正義路,13號,,,1984/9/6
,2,$2b$12$rw4pyrsZPnqlvne1ts8.cusZG/q6zmzEpFOmkbN.fNmvZFdMIQwTe,惠思穎,03-1683343,xiulanhao@test.com,1,2024-05-24 01:57:26,female,台灣,彰化縣,埔鹽鄉,天盛一路,14號,,,1989/5/23
,2,$2b$12$HqJU1WJF1xHYDTTBstuNFeKV9BYS4uYcwGU7tSsrFoycpzoHJVif2,李佳蓉,00-4411804,vdai@test.com,1,2024-01-02 11:18:36,male,台灣,新北市,中和區,新生街,17號,,,1986/1/26
,2,$2b$12$3Lp/zCg4SAIMGtqvOYGONeKtSI.h9MhfELupV1qfF2WEa25O/vmY2,陳志偉,02-6837495,junlei@test.com,1,2024-01-05 09:22:53,female,台灣,宜蘭縣,五結鄉,學進二路,26號,,,1985/10/18
,2,$2b$12$itLrPHaBZ7voICiFx8ykVeGuM20qiPVpLM4nXen0KVE/W6VbhsI0u,羅詩涵,02-30321600,slei@test.com,1,2024-08-14 12:55:16,female,台灣,苗栗縣,頭份市,長泰街,35號,,,1997/7/28
,2,$2b$12$IHySROxE1m4GGKZTVJs6dONVCTXMYqM8zur2KbKLeqbxR.eiKj2CC,王佳玲,0950370786,yichao@test.com,1,2024-05-09 05:29:47,male,台灣,彰化縣,溪湖鎮,大同十九街,34號,,,1993/2/22
,2,$2b$12$5D3gWODrbzQfANY0sa4t/ex1mxiGpOu131KmcnDeVSHXCI2zKEdzW,黃志偉,0979825650,xdu@test.com,1,2024-03-26 08:27:56,female,台灣,新竹縣,新豐鄉,信義街,21號,,,1980/12/14
,2,$2b$12$aU/kfF.DX6VjhYVX1GExqO5n5axi5ZTxHwW3bIc3paQy9pusFvJT.,耿佳蓉,0918765557,ming41@test.com,1,2024-03-12 08:25:40,female,台灣,彰化縣,溪州鄉,溪林路,7號,,,1974/5/26
,2,$2b$12$zjOgUgl0ZFJ/w9WpUpWQ6ejrJ24uHFQ78lIy6JR.y/5Tsv8jxcZF.,賈羽,08-4741218,qiang76@test.com,1,2024-08-12 06:34:08,female,台灣,彰化縣,員林市,惠明街,21號,,,2000/8/10
,2,$2b$12$n4fvEUPsNhduLeMR69x0eejSAFhQo6YVI7/adhy.yGGEdYgpImAAK,王雅慧,0935446720,jkang@test.com,1,2024-03-18 03:44:51,male,台灣,宜蘭縣,三星鄉,雙和二路,9號,,,1992/2/27
,2,$2b$12$3/0h7kYyK12wwMjxv.2y/u0dAIsDYgnmXW394o.smliV/js9SjAHe,邢心怡,00-1006133,leigang@test.com,1,2024-06-06 02:48:29,female,台灣,嘉義縣,布袋鎮,大寮,16號,,,1979/5/29
,2,$2b$12$LlsQfPLDaXvmZa1UPmru4OqB3dGdty.nAuPlnPgUdS9TKpaSd/fdC,張宜庭,0900916534,jinjuan@test.com,1,2024-04-03 10:34:20,male,台灣,雲林縣,斗六市,仁義路,19號,,,1973/1/12
,2,$2b$12$LscXhktilX6qkK22WIx5nOGDH83v9O75EJUlMTbZsMlnGFdeu0eH.,邢惠如,0961610590,xiuyingye@test.com,1,2024-08-03 06:51:09,female,台灣,新北市,新店區,僑愛三路,2號,,,1996/11/6
,2,$2b$12$7Sp5JXWshW1vIw7oRx5PD.H4O11X.FESv1yUlW7tAXkgfPWrM45XG,高詩婷,0978282999,qiangwei@test.com,1,2024-01-21 05:58:31,female,台灣,花蓮縣,花蓮市,忠義二街,22號,,,1997/7/26
,2,$2b$12$vHgZJXWWHB6R.m3I41yEp.qek5ECIbLHsrwQcqPu0AOrC1oDhyL7G,劉美玲,06-75094687,maxiulan@test.com,1,2024-06-02 02:57:52,male,台灣,台北市,士林區,華岡路,31號,,,1981/3/12
,2,$2b$12$96WpJwEPprvdKV0s0bJnhuW6JjXYa4dMKILEsMKtkYxq61fVNfAkm,蘇冠霖,0916874884,jiesong@test.com,1,2024-04-21 02:42:22,female,台灣,新北市,瑞芳區,南雅路,1號,,,1993/7/22
,2,$2b$12$OdnAK/KmkIZA/P1vEu84WO5Ir6obrpyA3wKs3XUU/KZDBGRLKiIs2,陳宗翰,0903605225,caoxiulan@test.com,1,2024-03-13 06:44:41,female,台灣,屏東縣,滿州鄉,南興路,23號,,,1977/8/4
,2,$2b$12$AibLj0rhMkaefkUda5ilAu2zomoUzR3AiPjQ/G19zKzLDKr1FjXhS,周佩君,09-5487268,kyang@test.com,1,2024-03-22 07:25:10,female,台灣,宜蘭縣,礁溪鄉,義興街,21號,,,1987/9/23
,2,$2b$12$8Doic5xcUa2cqRhLW3ee2.PxZ7/S6IJdS3pys6PU0h.6wgHLnk6mG,黃信宏,07-18657791,jun64@test.com,1,2024-05-05 10:10:51,male,台灣,新北市,板橋區,觀光街,1號,,,1998/1/12
,2,$2b$12$/OBvtlYgim.KYkWyM/1vh.M.pyvQGvx2O0Z8Z6jORIRG4CntRMnQa,盧瑋婷,06-67115464,yongzou@test.com,1,2024-05-15 11:59:21,female,台灣,高雄市,三民區,瀋陽街,32號,,,1986/11/1
,2,$2b$12$dRf/PuktnGPRpqJCzPmHzuEidUUUc2pO86AIdBgvBSOKDMBZnpbDO,方美琪,07-4821324,bshen@test.com,1,2024-04-11 11:55:58,male,台灣,嘉義縣,太保市,春珠,32號,,,1998/7/12
,2,$2b$12$1CNS01JHmnkAe3tKh8CuDucwbugxuRXNYundMuLLnG0dmTh3JZHAm,賀懿,03-2982473,qianming@test.com,1,2024-05-16 12:02:03,female,台灣,雲林縣,西螺鎮,經崙,20號,,,1971/5/9
,2,$2b$12$IHfCuT3sKBms9wcmdIv0nOdd99SYsEXE9pCc7IE.1j5Uf.qQv8y1q,李家瑋,05-31156511,mingxu@test.com,1,2024-02-10 04:12:03,female,台灣,新北市,新莊區,昌德街,9號,,,1986/1/17
,2,$2b$12$GQys14ePAZzQ9OHl8CpHZu5ekln/lBL4dvO0DutIm1s7wHB2.Pux2,趙雅涵,0950303341,yang81@test.com,1,2024-03-11 12:47:28,male,台灣,屏東縣,鹽埔鄉,新平路,10號,,,1976/5/25
,2,$2b$12$HMnZhMhpCGk8GQSxOf4lJOOYIZS0ABnJCtF3G.fnKOnOiAGE4Db86,馬淑慧,00-5477282,xia70@test.com,1,2024-03-12 05:01:55,female,台灣,彰化縣,員林市,大仁街,26號,,,1985/1/29
,2,$2b$12$9MiMJdSoOp.ysJUciTgnjuom.cvckd0rQ36NjenVgY/Ip2SCjU5iy,王宜君,08-1825711,zzeng@test.com,1,2024-05-12 01:23:20,female,台灣,彰化縣,社頭鄉,和平二路,8號,,,1985/12/28
,2,$2b$12$JxKvcar5e6jmNIxdV23a3ujhtfLI30g7ddpdW0ziaa0GQAMJS5tnG,李淑慧,0962312923,fwen@test.com,1,2024-03-09 12:06:58,female,台灣,桃園市,新屋區,永祥路,24號,,,1997/12/16
,2,$2b$12$oyq7LlzSh8sJkiJnf912VuIsqPTTAYTYPDtae9RwmqcwJhCdNo4R.,朱沖,0936355949,xia32@test.com,1,2024-04-19 10:13:04,male,台灣,屏東縣,內埔鄉,中原巷,14號,,,1988/6/15
,2,$2b$12$C5fqp8iUO8DjcHACYR6sguzrP6ZbMf8/ObDkN16a/2g/LbbNw5Vui,姜志宏,07-85497691,osu@test.com,1,2024-04-11 01:48:38,female,台灣,屏東縣,潮州鎮,育才路,35號,,,1982/2/21
,2,$2b$12$AgL5KZWlw0f4rGyjiQkFbOSQLmwEq4bm0/UcPC3ldxrslnmFs1XUi,王雅筑,07-88943136,qiang48@test.com,1,2024-05-06 11:20:47,male,台灣,新北市,土城區,中山路,5號,,,1994/5/2
,2,$2b$12$iZwGicNdZNRoW558qv8jseSZ9bAjUMgUUfl8Ke8VdlZv1Qmx860B2,曹冠霖,0950167713,lijun@test.com,1,2024-07-17 07:43:55,female,台灣,澎湖縣,馬公市,惠安一路,13號,,,1994/2/15
,2,$2b$12$hktjJBOHhZMg/2NM8DXtBOibK1YYfq/wKNx8/yJRaiGal6javpM8a,蔣宇軒,00-64272244,yong79@test.com,1,2024-01-10 12:23:15,female,台灣,桃園市,新屋區,高鐵南路,1號,,,1997/6/17
,2,$2b$12$v0qGgwqQBp/3r439N9ULFuIVRBOpuC2uhC2gTbI2urwzs3ZhLQ1oC,吳惠雯,05-1393098,shenchao@test.com,1,2024-08-09 11:01:13,male,台灣,高雄市,鳥松區,應安路,28號,,,1996/10/24
,2,$2b$12$ia4ujrj/PXrCof167zg9tuqH3YFMmvEnd0zkNss6BVB4nk5Z048AO,黎淑玲,06-7208080,guiying04@test.com,1,2024-05-28 06:43:23,female,台灣,金門縣,金湖鎮,中山路,26號,,,1994/7/21
,2,$2b$12$pd2Scp5WTiTT4eKoooQ.oeyuU319ci7ja6hTNzixcYtVOY3XYm042,韓庭瑋,07-9264231,rjiang@test.com,1,2024-02-05 01:17:54,female,台灣,桃園市,中壢區,領航北路,23號,,,1981/5/17
,2,$2b$12$65e3gRroTH5LrPZioyi4ye6kijX8bYI8QsT/pTQdy1.PbGyRyfjzG,李怡婷,09-6074359,gqin@test.com,1,2024-04-21 11:54:14,female,台灣,新北市,樹林區,東大街,34號,,,1974/3/30
,2,$2b$12$Bv8ij3oSz8hPYQ3nYGdQEe.A/k/LD0eUtlqd0Yz4jJrurm3lDb/fW,姜慧君,0970519727,lei02@test.com,1,2024-05-18 11:36:35,male,台灣,雲林縣,北港鎮,中正路,5號,,,1981/7/19
,2,$2b$12$wns70X1u3mOojZL.nHRAbO3VeGDiLxB6iUjvj0y5fdOHdEo931LGy,楊傑克,09-17268969,xiuyinglei@test.com,1,2024-06-16 07:17:13,female,台灣,新北市,三重區,信賢街,3號,,,1988/10/1
,2,$2b$12$Fa0df/XuFyqqA6zEWoNOium6H9CwLgr/n/6ib1GlEMDiJm8e9zs5K,劉美玲,04-8106479,qianglin@test.com,1,2024-04-30 03:52:53,male,台灣,高雄市,小港區,桂園路,16號,,,1996/2/19
,2,$2b$12$TN3aez6s94Qqg3GizSAQ3u7D/23sZ1ZFoSt9hj7/57TBRcpjruwZe,田淑惠,08-6328724,ganggao@test.com,1,2024-03-06 04:51:32,female,台灣,新北市,三峽區,大德路,9號,,,1973/5/6
,1,$2b$12$FIh902AFuhSJw9mLeDBxe.p3qZfbBAQomF3KL5HGC7tFMvSBakwmO,孔筱涵,08-4052833,jiedai@test.com,1,2024-02-25 09:31:47,female,台灣,桃園市,桃園區,三和街,3號,,,1971/4/14
,1,$2b$12$Q1gwQDL7On2i3iJnBca7UOF39WBLE686cfUt3Cbgajc05epEwcL5u,饒怡伶,00-47787598,weimao@test.com,1,2024-06-19 02:53:50,male,台灣,雲林縣,土庫鎮,復興路,33號,,,1987/6/25
,1,$2b$12$.TVsJpu.fHAmCKOkT7sJKuc38odwl5qNZ2NFKAcdpWBmkeuSNPuJe,盧佳樺,00-52383394,yxiong@test.com,1,2024-01-29 04:32:41,female,台灣,桃園市,中壢區,永明街,18號,,,1974/9/30
,1,$2b$12$M1lHmucZLXRcEHiPoNA/MehfNX3dXVGoGsh6R73wCsADySRf8JrAq,董冠廷,0941488483,wei96@test.com,1,2024-02-25 12:38:39,female,台灣,彰化縣,芳苑鄉,成功東路,8號,,,1996/2/25
,1,$2b$12$gdOf/hPLlB1WqQMWM/1sH.Wqf3zZ3T.umVb/bsR6P6x47s6E/jsC.,崔志偉,00-4100475,nalong@test.com,1,2024-05-08 01:36:28,female,台灣,雲林縣,口湖鄉,台興路,11號,,,1998/7/2
,1,$2b$12$t6BGksUKOXII1.Cm3iVIA.t0Xg9Zu7pd6keNZb5dfwi62OkqJUuN.,湯羽,07-3019815,dongtao@test.com,1,2024-01-16 09:42:06,male,台灣,新竹縣,竹北市,三民路,10號,,,1984/5/23
,1,$2b$12$uvIh3q2b.BHXA/kc/oi2u.Ayqc23pRnUH6oF0WhpIglZZo/aX5h4W,祝彥廷,0938157778,guojuan@test.com,1,2024-06-25 01:34:01,female,台灣,宜蘭縣,蘇澳鎮,志成路,32號,,,1992/3/3
,1,$2b$12$dtrRcESMM0yKKy7DqZd.T.kck5qv0gh1xaes9QwujHLSpUMd31h0O,龍郁雯,03-1108016,linqiang@test.com,1,2024-04-15 08:38:48,male,台灣,宜蘭縣,三星鄉,大義三路,27號,,,1985/4/12
,1,$2b$12$O6n7VF0Usf6adRA3gL7pfeV32vnLV3fXIjG5nh5/RROL5qwdsIizK,董佳慧,0938564576,huangyang@test.com,1,2024-02-01 06:52:21,female,台灣,彰化縣,員林市,光明南街,29號,,,1971/2/3
,1,$2b$12$HmZwvDGZHlxu2oLbefgzhOyn/vrhIr6dAsHsx8C3wkQOY/RlmM5VK,朱懿,0975445040,nfan@test.com,1,2024-05-29 06:48:17,female,台灣,屏東縣,內埔鄉,民善路,13號,,,1991/2/3
,1,$2b$12$wkraOk8KNhlTACg7GgJu6e3NVktzT.G78vr0iC7ApjN1O1k9/NI3W,龍飛,06-5751479,jun50@test.com,1,2024-07-02 05:17:15,male,台灣,新北市,鶯歌區,明圓街,七棟14號,,,1995/5/17
,1,$2b$12$Fir43KjINQTyT8QyBOCUYuXgCN7S/wv065lp12LVBxeAgy3bMXNJS,章志偉,03-7870869,wenjie@test.com,1,2024-02-10 03:24:13,female,台灣,桃園市,龍潭區,向陽一街,6號,,,1975/11/5
,1,$2b$12$uYdIgCjY1EGVlMjHo85pA.8hIuernrLVG90VlM2/MfDX45R1JlVcW,盧龍,0958767915,pingcheng@test.com,1,2024-01-02 06:16:47,female,台灣,新北市,土城區,裕民路,31號,,,2000/1/3
,1,$2b$12$omQVPnGyN.aAuDTo66kXle44Qx17UIHhIIzf7SH/pLaoOzNsjVMHi,劉家瑜,0945234857,dengjuan@test.com,1,2024-03-10 10:59:10,female,台灣,苗栗縣,公館鄉,信義街,14號,,,1972/8/10
,1,$2b$12$R6PwZz31rAztVp.KlUO9B.4QB2sANP.7Qq8/P94SlZuAY0p5IckzG,劉佳慧,0966079411,juan05@test.com,1,2024-02-29 01:06:27,male,台灣,桃園市,桃園區,民光路,32號,,,2000/8/26
,1,$2b$12$tYjDLsO.JqJ04CEIX5XODOOFUVfalr57DnaDht/LCVd8Sa7uqoeBq,項欣怡,0906122537,jun87@test.com,1,2024-04-16 04:21:32,female,台灣,嘉義縣,朴子市,仁和二路,21號,,,1988/3/5
,1,$2b$12$9/4yIR3zyjhQDskGtQlCDuHFAmDR7.bfYNOf1KGV5BmoOcc/YaQ2u,`name`,`phone`,`email`,`valid`,`created_at`,male,台灣,高雄市,小港區,孔宅十街,3號,,,1971/2/14
,1,$2b$12$fxNMPf766.LLWnDpFEZmIexJDMAG/667wIRkjSAOP3Qo7unwGKoxe,竇淑玲,03-31564867,xiulanliu@test.com,1,2024-06-20 03:38:41,female,台灣,高雄市,鳥松區,奉化街,3號,,,1984/2/12
,1,$2b$12$oszVDvjIT1DKbB.rKENlKO0PnDzM.LC/SweCMHBnwBezCH9IAba7u,盧怡萱,0936652310,hxie@test.com,1,2024-03-13 04:56:16,female,台灣,桃園市,觀音區,大潭三路,16號,,,1975/12/17
,1,$2b$12$IrFJZVEYPDxigJcOc7YGXeVaT9dGZeDwMackrGRgf.XvXabRhgLvK,葉羽,02-59040067,liuxia@test.com,1,2024-06-12 10:32:06,male,台灣,台北市,文山區,政大二街,24號,,,1996/1/2
,1,$2b$12$DG2dlBilgMZ.ykjJgkTgLe9uOK.pY3dkCodi8k6dl06v1hk/GIc46,孫建宏,07-1635797,yong24@test.com,1,2024-04-16 12:27:53,female,台灣,新竹縣,竹北市,嘉豐七街,32號,,,1978/9/28
,1,$2b$12$R6Sa3TT5BhPSyagFwfT9f.ke.eAsqlvue/Swmoppqk4UK28kqgRiu,楊雅涵,04-49139253,xiawan@test.com,1,2024-04-15 04:27:29,female,台灣,屏東縣,內埔鄉,環山路,25號,,,1995/12/9
,1,$2b$12$dPDG63km0ZcyxLRllPjMXu0T9gsYyOl7tREYEZLusHSS.lRVlAGOe,張飛,07-88352156,chaozhou@test.com,1,2024-01-17 07:13:08,female,台灣,雲林縣,斗六市,安定路,6號,,,1985/11/22
,1,$2b$12$IKzmZDHAAqm.qfFxmDPHeeloMfCyD2ohL/qivru7V8vYVX7hhijq6,王鈺婷,02-5915536,minxu@test.com,1,2024-03-02 09:56:26,male,台灣,桃園市,桃園區,國際一路,10號,,,1981/3/28
,1,$2b$12$Yq6UkrN2nzX/qELSoZZpWOwS259htRnja3DZkO7NQ6GPfbcG4on1i,周俊賢,04-38226958,liwei@test.com,1,2024-05-02 09:30:47,female,台灣,屏東縣,屏東市,廣興,9號,,,1974/3/7
,1,$2b$12$pOn96r2lZCx/PRhFNdGMxeknoLEQihEdgnFfEWv3qey.QanEkq1wK,劉靜宜,0983842988,fengqiang@test.com,1,2024-05-04 03:25:17,male,台灣,屏東縣,枋寮鄉,新開五路,16號,,,1999/6/8
,1,$2b$12$laPg8Mi97OqpAk6RCQ8hLO0sSWhuNXFP74yduDMpC9h5p4RDRsnkq,趙靜宜,01-1678158,qiangpan@test.com,1,2024-05-01 08:00:08,female,台灣,高雄市,三民區,中華橫巷,18號,,,1996/8/4
,1,$2b$12$ZXOWiAjPElXjEk5uYed1Xe3nYl7TjhfsVuoHys61jJREoNMDpojee,馬柏翰,00-98873464,chaowan@test.com,1,2024-05-15 12:26:29,female,台灣,南投縣,竹山鎮,大榮街,22號,,,1993/2/11
,1,$2b$12$gPk4Xcu6vvSu5WNsscOIMu4ZQo7HmmN4WlNdGf4r186KVjhXf4E5u,顧馨儀,05-29421031,dingna@test.com,1,2024-02-24 04:57:16,male,台灣,宜蘭縣,羅東鎮,中正路,6號,,,1970/7/15
,1,$2b$12$wbZdyzCUk.oehAOQloQiB.SFqCf8VLlmRTmhuvXPhc954peGurdba,展怡君,04-6234180,kangwei@test.com,1,2024-03-21 11:29:06,female,台灣,新竹縣,新埔鎮,福祿六街,30號,,,1980/11/18
,1,$2b$12$ytSrnsjaustFwrK2uiMO7uNqr56Ur6OZC0RYtdvnka6wm0kVAy9wS,錢宜君,01-4916625,jie10@test.com,1,2024-08-02 02:09:34,female,台灣,新竹縣,竹北市,光明十三街,15號,,,1980/1/1
,1,$2b$12$B5S2IsnaInKwuLsoGlUBu.X.98fg/fqCzvlOohVSuio0GZkx2O7uK,李琬婷,00-81536389,weidai@test.com,1,2024-05-25 10:53:34,female,台灣,桃園市,桃園區,國強十街,28號,,,1986/9/24
,1,$2b$12$gVSeqmuTS.zjopgT5MW7gORdQPa6QlXUWKwDKbfqZBnDAX4YBXMF6,王雅涵,08-9212328,chengna@test.com,1,2024-05-04 01:37:42,male,台灣,高雄市,大寮區,利民街,7號,,,1975/7/22
,1,$2b$12$EZiMYAyiwxr9QVqTQAZeYe6KAe2sWKK3jhgcav/6bVSrHP4VWzt92,江淑惠,07-2890908,baiqiang@test.com,1,2024-01-17 07:52:08,female,台灣,高雄市,岡山區,康樂路,7號,,,1985/3/14
,1,$2b$12$YD.Xz9uJibr5IXWd79AbzuXZ2p7Er4tXu9l/f97/fuuCWh0ApYQxG,程柏翰,0987081741,nqian@test.com,1,2024-02-15 04:46:40,male,台灣,花蓮縣,鳳林鎮,水源路,9號,,,1972/3/18
,1,$2b$12$LP8G6zjND2sAJrtmaroMd.XODDHos1XMyRs/5BbXTExcelxLcAH9y,張郁雯,04-98074392,ping56@test.com,1,2024-05-14 01:30:18,female,台灣,新竹縣,湖口鄉,民和街,7號,,,1984/11/10
,1,$2b$12$CiGpGZmOsCYQwiFjINnotOFYj/9AW3q5c/UfbZB/Nvrk0f1jWq0s.,彭宗翰,0954828873,yong07@test.com,1,2024-06-10 03:42:07,female,台灣,彰化縣,田尾鄉,田美路,27號,,,1992/10/10
,1,$2b$12$6swjehl1wPoL3EV1Eu87FuhYFZybpJfgr3CNWMwLiWD30V3yRlYPG,梁宇軒,0941179644,iren@test.com,1,2024-05-24 05:36:06,male,台灣,屏東縣,高樹鄉,美村路,27號,,,1976/1/31
,1,$2b$12$7y2B70/1o18aWGgD7Ge9Ue6VgCk1EevLaUsZxRoQ7aaRQvcz8yoMy,何家銘,07-4734855,wzhou@test.com,1,2024-05-14 10:15:46,female,台灣,新竹市,香山區,頂埔路,2號,,,2000/8/15
,1,$2b$12$8QEF6BQmGcsMAvU2MCI.g.CbcMYfvEVZpealSmqcWhJ6JJ9G/new6,王宜庭,03-7213159,xuexiuying@test.com,1,2024-03-22 12:44:28,female,台灣,花蓮縣,新城鄉,華富街,11號,,,1997/5/30
,1,$2b$12$Z5Eb8fOqumDt8cyLfF3xTu3QdDPS/fBYhWvsRIyUoOnB8dwRWhKDi,曾哲瑋,04-86581596,yongyu@test.com,1,2024-07-03 04:05:59,female,台灣,嘉義市,東區軍,輝路,32號,,,1976/8/20
,1,$2b$12$4SdRVIjYmvCAE1YHK17WveXZiYPgbTRxSaDZiIAF/2bteXFjE/.dq,李詩涵,07-56319713,daiguiying@test.com,1,2024-04-27 11:22:04,male,台灣,彰化縣,彰化市,龍涎北路,19號,,,1983/1/25
,1,$2b$12$qODkJu3d4WouzvLwTEmkXuJnc6rjGQUwA80LZGxngbCgpfHPNzgKW,路家瑋,06-61778527,ssun@test.com,1,2024-05-17 12:26:19,female,台灣,彰化縣,員林市,福林街,11號,,,1997/6/4
,1,$2b$12$yZ.OapRUlGuO.W8VvKkFgeiWhNvt9lb9uPuEMkf1ZFImHp0zUfvHS,江郁婷,0970733618,jing60@test.com,1,2024-07-03 03:32:15,male,台灣,南投縣,南投市,信義街,4號,,,1988/11/16
,1,$2b$12$CpP98sSPIG25CZXxOklYZ.aD9T/swX6Et770pw/UwcoDr.HtRq0Ei,李宗翰,0998182231,jing55@test.com,1,2024-03-11 12:26:04,female,台灣,台北市,信義區,信義路,35號,,,1999/3/24
,1,$2b$12$/42pFnng8Qk9PnU3KkStGeapFjxCm0l/HUVI5oGcoX21F0ChX0GTe,任詩涵,06-64849917,pengyong@test.com,1,2024-05-04 11:03:02,female,台灣,桃園市,龜山區,幸福十三街,28號,,,1977/11/30
,1,$2b$12$TbK.E2qlNn.UfJJMN55yXeqp40.hggo7ZRe9BYmixizBgDdlrU.aW,林龍,03-79980919,jingfeng@test.com,1,2024-02-02 08:11:33,male,台灣,新北市,蘆洲區,環堤大道,9號,,,1993/10/1
,1,$2b$12$QHFgpNL9zRO9tQrm8q0Ope2h3x.Xgl6uCADWa5bHvapGmStO9O8Ru,王彥廷,0946403315,nfeng@test.com,1,2024-06-09 04:49:27,female,台灣,宜蘭縣,三星鄉,堤防路,33號,,,1998/10/21
,1,$2b$12$sSRLpomLp2Kj7x4vWs8PwuX6rddXaiml97FpfWKNb7z15CZPAtWs.,董郁婷,0947828613,xia50@test.com,1,2024-04-28 11:17:10,female,台灣,新北市,瑞芳區,五號路,12號,,,1976/7/6
,1,$2b$12$ttYS0sI6zO9HK8OW9EYn1.tjooy2Q2bEX1/arXn/sncWzOBfAF0Vq,張惠雯,02-3127059,sxiao@test.com,1,2024-02-14 02:20:41,female,台灣,台北市,北投區,奉賢路,35號,,,1979/11/3
,1,$2b$12$gdspv1h5uf8Q8mzJ37OyI.QHvfVwau1CMuZFJtX0H7CD8ferPV0na,都雅雯,06-5103121,epeng@test.com,1,2024-03-23 01:10:33,male,台灣,桃園市,中壢區,內定三街,6號,,,1985/4/14
,1,$2b$12$wGUp98WcQXZxIrGynVrtk.meyrsXPZflg6KvgUpZU.LtHTEGvSSry,張佩君,04-4703912,caiqiang@test.com,1,2024-02-10 09:30:02,female,台灣,宜蘭縣,三星鄉,行健一路,11號,,,1975/7/13
,1,$2b$12$.WsZOew6pk46T3mFS/l3oOXL8dShw5ra1.vkXadctVKTX9DPN7VMy,胡惠雯,01-7460313,qhe@test.com,1,2024-01-31 08:26:14,male,台灣,彰化縣,鹿港鎮,埔頭街,13號,,,1985/7/30
,1,$2b$12$E30TfUkLPRqMdVPhPB2dbeQBVVXTYApKbieqlFPEbANoxNoIwq1lW,王筱涵,05-17091135,lshi@test.com,1,2024-08-04 07:06:08,female,台灣,屏東縣,屏東市,廸化二街,17號,,,1990/3/26
,1,$2b$12$MmOabzHMgKgA4/gKTKNqn.0.EdDghyp.67Mtm2c1mYylgWLtQbUai,郭信宏,02-40177892,jingfeng@test.com,1,2024-04-14 10:50:32,female,台灣,嘉義市,西區大,忠街,23號,,,1976/7/22
,1,$2b$12$ktL3d7dAe07NSCdlxL5xB.zwkh2ErpljHsBnv6hkeRehM0bFvzz.C,史怡安,0935950640,jbai@test.com,1,2024-04-16 12:41:37,male,台灣,雲林縣,斗六市,劉厝路,9號,,,1994/4/5
,1,$2b$12$DOXkIusNIy3zJZA.J45TcOHfoa99ZKuCA/ZlLER1.3PwKx51sWnzu,賀怡萱,06-25342509,xiulan46@test.com,1,2024-08-14 12:14:06,female,台灣,新竹縣,新埔鎮,關埔路,14號,,,1971/3/28
,1,$2b$12$mPvzazjlEmbsxmUUFvbSu.pBJsX1oxNBDTEsiidCvKiA0NSNL/RWS,董雅惠,02-59516021,xiayu@test.com,1,2024-07-26 10:33:39,female,台灣,嘉義市,東區溪,興街,35號,,,1974/9/17