,0,$2b$10$FBUGSdpjs7/wgNmjdiYEzO0ZsXSIQjpaslJZLATY7cu9KUart3wjy,陳冠霖,02-78240971,xiuying79@test.com,1,2024-05-01 03:28:46,female,台灣,台北市,大安區,雲和街,1號,,,1980-04-15
,0,$2b$10$RQoumIYrBeDZBoCBcgNOKOkYhm9qgIATbCvt1tNskTFVaKWfoj3OK,冷美玲,0916535278,xshen@test.com,1,2024-04-21 06:14:29,male,台灣,台北市,大安區,雲和街,2號,,,1993-07-22
,0,$2b$10$Gww3BaMs2ldSxuTTGIMy..7zdVpSxUw5dE7wFLxgU04bg3KdWkqI6,雷柏翰,06-4351905,ping35@test.com,1,2024-01-18 03:28:31,male,台灣,台北市,大安區,雲和街,3號,,,1974-01-08
,0,$2b$10$wGzeu4hlt/7BvwoVSyecQud2wvfWtSA39spTZ.FDgtXEuE2k.ILpG,侯佳玲,04-11794302,yshi@test.com,1,2024-06-09 04:13:35,female,台灣,台北市,大安區,雲和街,4號,,,2001-09-13
,0,$2b$10$43vQzIy7YYyvqD8Q4fBK8./4gibq/W30UqwOPYzXaIEpYc/RXpyMC,黃雅萍,05-32733880,yanyan@test.com,1,2024-07-26 09:12:23,female,台灣,台北市,大安區,雲和街,5號,,,1986-03-29
,0,$2b$10$CjpESnBMDtc8u9RkY32Kf.m/qpuu/1wPmLdFPjSSSklgF/yxW4Cc6,張雅惠,0915463678,qiang03@test.com,1,2024-06-17 04:28:25,female,台灣,台北市,大安區,雲和街,6號,,,1965-10-02
,0,$2b$10$YNZlGfvbV1srQ4ttYtKBmu5L3spgelRxFF4knZA/0R7QDuzOr5VSm,曾傑克,00-9539814,vyan@test.com,1,2024-05-22 10:00:59,female,台灣,台北市,大安區,雲和街,7號,,,1978-06-17
,0,$2b$10$V.y8OOh.lu.EKGHqOf8B4OZFuiZOGYE/dXj6friEWJmIUfsgV4LQm,溫惠雯,07-25867977,xiazhao@test.com,1,2024-07-02 10:53:50,male,台灣,台北市,大安區,雲和街,8號,,,1998-11-23
,0,$2b$10$.5a9YvqnjoSYVPp9ut.Zq.OlTU3tPbEwTHnQ3WHbXJ4mWmpe/Innq,曾馨儀,00-98089947,ahan@test.com,1,2024-02-13 12:54:57,female,台灣,台北市,大安區,雲和街,9號,,,1983-12-31
,0,$2b$10$Hcj8LavvWWTHaqNWy2crbOXxC.1RBExZtnlvZAox/s56lba5egRMC,陳雅惠,02-9690516,gang04@test.com,1,2024-07-28 12:39:46,male,台灣,台北市,大安區,雲和街,10號,,,2000-08-07
,0,$2b$10$U9NPETn7Ffk6ZpFtWYlJXuSvMdw6.iruf1AR52bgs3pJRvBbzSGja,李雅玲,08-90520417,twei@test.com,1,2024-02-12 07:23:37,female,台灣,台北市,大安區,雲和街,11號,,,1992-05-19
,0,$2b$10$ykpJ/.dLS7QIv583MRnImeHgseOswj8xeZCdL2m.9H.YJg6fvtpp.,楊佳穎,02-53279804,fshen@test.com,1,2024-06-04 03:30:10,female,台灣,台北市,大安區,雲和街,12號,,,1970-02-27
,1,$2b$10$q/ru0LBKOgS7diFTPP7Mpuj7dA4G5qicE.4ZTREWhUv.p5XuF0rnW,楊依婷,09-71190256,chaoshi@test.com,1,2024-05-09 03:48:19,male,台灣,台北市,大安區,雲和街,13號,,,1988-09-21
,1,$2b$10$t0iZj5avWrRcH3KTnz/Y3OBduyHPj5BqUpwDVPPZlEZPhKw05Wfj.,喻雅惠,04-1593390,xiapan@test.com,1,2024-06-07 08:18:59,female,台灣,台北市,大安區,雲和街,14號,,,1967-12-03
,1,$2b$10$W0FBT.pEiDhhNYnpn6ZOk.wcOuvwO7Sesv1UWunqZWDncGRpDv89O,吳家瑜,04-5201013,juansong@test.com,1,2024-03-13 08:05:33,male,台灣,台北市,大安區,雲和街,15號,,,1973-04-14
,1,$2b$10$u32wC6Iddkg5ZhoASZRkD.dOd9XgPZbNds0IEM9AcZi9QVQJ/tgKm,楊雅芳,06-5930697,xiefang@test.com,1,2024-07-07 10:45:07,female,台灣,台北市,大安區,雲和街,16號,,,1999-10-11
,1,$2b$10$nxj3s93cRmoQQuE24P/rc.bxmIySkvThOKN0M/zJ66H9iyJbP0Hzm,張惠如,06-52252564,fang31@test.com,1,2024-03-19 04:47:25,female,台灣,台北市,大安區,雲和街,17號,,,1982-06-09
,1,$2b$10$DaUJ4T4auodA.sweYId2X.q1ITa467KnaPDA.rIZhsc6hHnjEdFoS,羊美玲,0960477351,huangjie@test.com,1,2024-03-22 03:18:02,female,台灣,台北市,大安區,雲和街,18號,,,1976-01-19
,1,$2b$10$uRWclMXJj4McFJlnGc5SqexGnJIICK.ZuD5yrGf2rA5cCiq11NS9.,李雅筑,09-37755494,tanxiuying@test.com,1,2024-06-17 11:22:41,male,台灣,台北市,大安區,雲和街,19號,,,1995-03-24
,1,$2b$10$eINeadLitBnLyMycxepsYOPrcjo27Smwldb6z45lpkbcWNt6Zm.LK,李佳慧,0916181798,cuijing@test.com,1,2024-05-14 01:17:45,male,台灣,台北市,大安區,雲和街,20號,,,1961-08-30
,1,$2b$10$HxtGcFRVQDmcXAGmvHA8BuTRVgeAcTOZsJNmO3KNujEDjMBr4BWxO,林婷婷,0997346252,kmeng@test.com,1,2024-02-10 06:01:16,female,台灣,台北市,大安區,雲和街,21號,,,1987/5/27
,1,$2b$10$eulF5SuYA2mei.v/Ug6ck.z9ciXEUPLmz1pXrG6pyAaw15eNjNbHy,張慧君,08-8505637,pwan@test.com,1,2024-05-07 09:59:43,female,台灣,台北市,大安區,雲和街,22號,,,1995/9/26
,1,$2b$10$PnOvE3U6lUtzeBOB.V4hOO0lkEvnikRH2.05ltggVBXhLwZkqKTTC,徐怡君,06-98826257,oma@test.com,1,2024-03-10 06:31:24,female,台灣,台北市,大安區,雲和街,23號,,,2000/1/26
,1,$2b$10$7hh8Mc5WGZlSj.5uHBEs2eMxpkIfLbb21Jy8sPlkYK2IsSLWOjEIu,施承翰,03-6122161,pinggu@test.com,1,2024-04-12 07:38:27,female,台灣,台北市,內湖區,陽光街,1號,,,1996/4/14
,1,$2b$10$3LU0uZAqh8vpivh9s39UEey8.JAL.cCLKJ0pWOK8TAOSkUfJikWym,董龍,01-2250839,tao42@test.com,1,2024-08-02 09:34:15,male,台灣,台北市,內湖區,陽光街,2號,,,1996/12/19
,1,$2b$10$TU1uXDbzLAwGxSlP.FP6euVdHDm.A7rGqsAd65VBsctIwIGOLg2My,王淑玲,0915247523,baijing@test.com,1,2024-06-05 09:42:06,female,台灣,台北市,內湖區,陽光街,3號,,,1980/6/29
,1,$2b$10$5uVxARzBmt.qdbMZtBkuhe.rKUtBJzJxSEYwtr.ZYFXSd14pag/OS,黃怡婷,0937947168,juan51@test.com,1,2024-01-31 02:14:21,male,台灣,台北市,內湖區,陽光街,4號,,,1979/9/27
,1,$2b$10$hVg/o1M7eQwHOkkEimAFweVrwJh5FN.myGaKru871OCGts1tGpHGK,郭心怡,04-63397056,xia07@test.com,1,2024-01-12 04:11:04,female,台灣,台北市,內湖區,陽光街,5號,,,1993/7/30
,1,$2b$10$FJX6reNew4jPY8ulxfo4KO/ZCLKfJBK3RfQYcegUKHS96G0gHdVVe,張宜庭,09-69076227,dongjun@test.com,1,2024-05-16 08:17:21,female,台灣,台北市,內湖區,陽光街,6號,,,1980/12/26
,1,$2b$10$oqjBGAA24.4hwUn9p.1o1ONbJj1G1vQW7Ev.TBTKo4.U8q5Scds8W,周志偉,0989082299,liuming@test.com,1,2024-07-13 03:43:49,male,台灣,台北市,內湖區,陽光街,7號,,,1996/8/24
,1,$2b$10$g9cO8J69CO3SQo/a/L92p.j2iuEgDKj/EAuqwx5t8umC4FOJEt7wW,龍雅玲,00-2985263,xiulanjia@test.com,1,2024-01-26 01:35:42,male,台灣,台北市,內湖區,陽光街,8號,,,1994/4/1
,1,$2b$10$EGIsqK1Qul4GcVVpbB4xqelfFm/sJNHjJ4Oj0Y2dPAJkuECTpSpW2,劉淑惠,07-9382477,liangguiying@test.com,1,2024-08-13 12:57:26,male,台灣,台北市,內湖區,陽光街,9號,,,1990/3/21
,1,$2b$10$.CbiJIRNAbBA13ym4bl6JedcpWb5gHexBdTQoxCl4XxVVxJZBZlnm,蕭欣怡,07-43802359,xieping@test.com,1,2024-05-17 01:03:35,female,台灣,台北市,內湖區,陽光街,10號,,,1982/12/16
,1,$2b$10$DjXq71F5dbITgWqSnEWS1OQ3PSeWK3x8MUosFkokL/bLExja4hxv.,曹思穎,0976862238,chao40@test.com,1,2024-06-27 12:59:57,female,台灣,台北市,內湖區,陽光街,11號,,,1993/4/21
,1,$2b$10$BqDP6w0eHojpUROtjyLA/efLtQ5nWva2cRDDGyWC0ST/z1F3ydBWm,李柏翰,0976328442,udong@test.com,1,2024-05-18 08:17:32,female,台灣,台北市,內湖區,陽光街,12號,,,1982/12/8
,1,$2b$10$4vlshwXFWBSXs29NdcCV.OrRz1bYDimI7hH4CHGUFQMVg7pYp66NK,杜鈺婷,09-8932398,cxiang@test.com,1,2024-05-10 07:46:17,male,台灣,台北市,內湖區,陽光街,13號,,,1999/9/4
,1,$2b$10$nCnnQO/8JuaFKKFI8sBLe.fkcOcFNqJoBFg.1h0JVs/6o7bhPIkte,姜淑娟,06-7319099,tao32@test.com,1,2024-05-21 11:28:43,female,台灣,台北市,內湖區,陽光街,14號,,,1977/6/18
,2,$2b$10$qgMvoOTXfnij6p0brPGR7eUObosP571tGhDLMpFxfsL5oErJqfmfS,楊惠婷,00-63157296,jing95@test.com,1,2024-07-12 08:58:36,male,台灣,台北市,內湖區,陽光街,15號,,,1972/6/12
,2,$2b$10$ZCJN1SmgFThgBOsAO8onke/Z/6a6zuNwVsWJsM3KArEzs94Vi7Cnu,楊宜庭,0997744903,yanxiuying@test.com,1,2024-03-27 06:43:47,female,台灣,台北市,內湖區,陽光街,16號,,,1981/7/21
,2,$2b$10$tfxarsn4NN4uUaORRmFdM.f0XA62a/gz9yLNZCMZvy.0WwJOgvPOu,梁鈺婷,06-90999681,stang@test.com,1,2024-04-08 05:29:42,female,台灣,台北市,內湖區,陽光街,17號,,,1988/7/29
,2,$2b$10$Po1rGjbegwb3YkDcmnHy9ePfqsUyMPgApmshOru7/0Fh6t2ot8EHe,賴庭瑋,0978149675,ojiang@test.com,1,2024-06-24 06:08:50,male,台灣,台北市,內湖區,陽光街,18號,,,1977/4/14
,2,$2b$10$ymN8YEM7FZ1bRsVJYEx3le.f0Fyti.LPG8jB/xtO3y5Ee0l0bOHeC,彭冠霖,08-75981555,mingyan@test.com,1,2024-04-03 12:50:44,female,台灣,台北市,內湖區,陽光街,19號,,,1992/6/8
,2,$2b$10$Wjh2ZKn1Xbjj22Wwo.H3OO/CDN99baqzy212JqA2AQRBCH5AeszpG,趙淑娟,00-89480868,qinxiuying@test.com,1,2024-02-16 07:56:39,female,台灣,台北市,內湖區,陽光街,20號,,,1974/10/30
,2,$2b$10$opJyjnuBHoBSth1iB.bewOTaUSvhFXKHBbAkIiaFX2flFaHNHVJUO,梁淑惠,0900514623,zhouchao@test.com,1,2024-04-19 11:49:01,female,台灣,台北市,內湖區,陽光街,21號,,,1999/11/23
,2,$2b$10$9hndGIsd9cnvTcXJxRr3GueycI1snMx5ErYcinYjkwb8P1wKS7TlG,崔淑惠,0972462684,ganghou@test.com,1,2024-01-06 05:33:57,male,台灣,台北市,內湖區,陽光街,22號,,,1986/9/5
,2,$2b$10$qru6ZXkMcsOU/79V9Z5lWuNU.5Xt8Pq15zNQMfG1NsX0SaTOHU4tG,喻淑貞,08-6021889,jun45@test.com,1,2024-07-31 12:28:13,female,台灣,台北市,內湖區,陽光街,23號,,,1993/11/24
,2,$2b$10$/abq2vvgE2k3KVmU/WZBFePJwnY04jSjpGA7c45PdkQtjtKIWWt7O,徐惠婷,05-22149188,xiuying38@test.com,1,2024-04-17 04:22:25,male,台灣,新北市,板橋區,自由路,18號1樓,,,1979/8/4
,2,$2b$10$jOgp3FgQOjPEYHl0Lb2MsOyPGsFZALnXPx7j2ZZOCVZrXxgPv5mJS,杜雅芳,0935041670,li39@test.com,1,2024-05-29 06:06:06,female,台灣,新北市,板橋區,自由路,1號2樓,,,1973/7/21
,2,$2b$10$R5N1hg3yiJlav8m2x1AbYe97UDBant8FmcfKF.jGJ9Wbt5K2Er2pK,劉佳玲,0951082376,wanping@test.com,1,2024-05-01 05:38:22,female,台灣,新北市,板橋區,自由路,2號2樓,,,1979/8/10
,2,$2b$10$k532LLCoDN/ELqGCozCggeMurAEqiFznypwJFZivs8BmV6d7D/.IK,劉宜庭,05-2488025,juanxu@test.com,1,2024-08-04 01:26:40,male,台灣,新北市,板橋區,自由路,3號2樓,,,1996/10/13
,2,$2b$10$o8acZoRaFQIVFeymKkL6Uureq8KvWd0x/CrI.CF2U7WU2148esRJ2,蔡志偉,07-9984764,fang73@test.com,1,2024-02-29 06:09:45,female,台灣,新北市,板橋區,自由路,4號2樓,,,1998/3/4
,2,$2b$10$slDMqihC1uuL6Z5nJAEEyOFu4B5UTQif30chisb9WvcjWwUqOp/l2,蘇筱涵,05-95047539,guochao@test.com,1,2024-01-04 12:28:10,female,台灣,新北市,板橋區,自由路,5號2樓,,,1983/5/12
,2,$2b$10$HjevJWiRcSrfmCJffBeCIe/EyAwE6ZJHrIgChs8KAlsZXazK5yT.a,嚴雅惠,03-41893605,gtang@test.com,1,2024-04-24 11:50:21,female,台灣,新北市,板橋區,自由路,6號2樓,,,2000/9/22
,2,$2b$10$iR1qEPrthyACHFZWmQ6kQOpx3EyLFkg2Ouc1Ybo.hrXU9vRk1Hhmq,周承翰,07-5369570,na27@test.com,1,2024-07-06 05:08:57,male,台灣,新北市,板橋區,自由路,7號2樓,,,1983/10/1
,2,$2b$10$I0.7n9BPNSKLf3SsG9uZEe5ud2AV.paZ6Q1V/sj6dQw03.GSEqu7K,張傑克,05-78281263,xiuyingwu@test.com,1,2024-04-25 09:08:17,female,台灣,新北市,鶯歌區,鳳一路,4號,,,1988/6/21
,2,$2b$10$vT0PGMSjXovlr0FpvtEW/O4rtVC3U78rtugTWqujJvIqx9.KEzHqS,周淑貞,0920828368,jiayan@test.com,1,2024-04-30 01:09:57,male,台灣,新北市,鶯歌區,仁愛路,55號,,,1975/2/4
,2,$2b$10$PSO9wsFzXsI4jjGRyh4ud.OJGJa7WOyfr2Apo0nJ238kYdl/Le/BO,單宇軒,03-77180298,yinjie@test.com,1,2024-06-16 04:46:30,female,台灣,新北市,鶯歌區,大湖路,336號,,,1976/10/10
,2,$2b$10$.aOh3AU3qM6dvK.cDLM3gewYYC2FWhC0Eyj3yBYnNriX2d5mFQMYa,黃詩婷,09-63791293,leishao@test.com,1,2024-06-09 02:19:23,female,台灣,新北市,鶯歌區,大湖路,1號,,,1982/2/2
,2,$2b$10$J510fplkUBGN0K3wpXDDyOmyB0CnKgZrursetop/zbll83bM3vcR2,孫佩珊,09-9428439,wliang@test.com,1,2024-06-12 07:28:51,male,台灣,新北市,鶯歌區,大湖路,2號,,,1996/10/29
,2,$2b$10$69p0pL24ovQzd4ZGjRfYFuSerZXLUTzShP8yEdyBNOX0X2dgjwyme,王志偉,01-4606089,mli@test.com,1,2024-02-01 05:46:50,female,台灣,新北市,鶯歌區,大湖路,3號,,,1987/7/16
,2,$2b$10$mLpQGWIc3WNiuP/wdjjP0eK0ie9SNnRDAPwvgzuqO6wgfkC5itJ6e,李惠雯,0971824813,xiuying72@test.com,1,2024-06-10 01:55:11,female,台灣,新北市,鶯歌區,大湖路,4號,,,1994/10/15
,2,$2b$10$XdVe1BdFPE3rF2dJQ/T1Y.rTRhQm.jOaBwMunPcOv7GgnOHjh7ip6,馬宜君,03-56640613,yanghou@test.com,1,2024-07-28 08:37:09,female,台灣,新北市,鶯歌區,大湖路,5號,,,1989/2/3
,2,$2b$10$.bqLBEIVt1QMKBVbwFTsw.ocytLCJFOFDqNEM5jLHsQKAK.C0XAcy,王雅婷,0928362462,jiegao@test.com,1,2024-05-30 07:56:00,male,台灣,新北市,鶯歌區,大湖路,6號,,,2000/3/29
,2,$2b$10$jI8wLGcvjSiuz.i2zpwjouPt5f/3dWdzmHqrsY2PUi6PWUwmOq0IK,王宇軒,05-2614971,li54@test.com,1,2024-05-31 05:35:26,female,台灣,新北市,鶯歌區,大湖路,7號,,,1981/4/16
,2,$2b$10$HDyWX83Fd0WtBwEhfcJ4i.1hIu2CjtqAQjUF9MfeuzLlg8CBhPRfe,楊淑貞,02-4557441,zhaoxiuying@test.com,1,2024-03-07 04:44:08,male,台灣,新北市,鶯歌區,大湖路,8號,,,2000/12/23
,2,$2b$10$/T5.i0rJ3XclZ48HEfimMuFRXSAkXH5yPqB62VI8CJraTnUvPQzgq,秦惠如,04-73248201,mwei@test.com,1,2024-02-15 02:23:57,female,台灣,新北市,鶯歌區,大湖路,9號,,,1987/11/21
,2,$2b$10$uFYJjqnCCsGzDQ6x5LjWn.t7J9qPViC2h4OCZl96WszfBWfqtJwP.,孫鈺婷,04-88510912,shenqiang@test.com,1,2024-02-18 05:34:44,female,台灣,新北市,鶯歌區,大湖路,10號,,,1974/12/29
,2,$2b$10$aHhqBfGUjIvZihsUdM5bbOJDlEjvSFQNVD7EGzYJwlDFdGBEDJLCq,馬雅琪,09-4224997,nxiong@test.com,1,2024-02-21 12:48:34,male,台灣,新北市,鶯歌區,大湖路,11號,,,1981/5/2
,2,$2b$10$EwtGLCepPNZm.obExtoZ3u5f09s7oMNZk3UHfDNIzZWohXArePduq,朱瑋婷,04-91255168,min81@test.com,1,2024-05-03 07:04:03,female,台灣,新北市,鶯歌區,大湖路,12號,,,1982/9/9
,3,$2b$10$Tzwb0M7s94w7aQr9MDNsbeX8EY5ll5QjY4EiwVagUuoAW2u2G7bqi,蘭郁雯,04-61889416,ecui@test.com,1,2024-01-03 05:12:36,female,台灣,新北市,鶯歌區,大湖路,13號,,,1985/9/19
,3,$2b$10$kv7Dd/fQUm7MMKql5pSMv.IqPjUaAuI4mGVNWuXt4MeHbAuagVHRy,陳郁婷,03-9485131,mindeng@test.com,1,2024-06-26 12:54:54,female,台灣,新北市,鶯歌區,大湖路,14號,,,1994/8/31
,3,$2b$10$u66wADuJt7pT6jxWCIofy.HqXbWjSZEyc.HUPaZjpUcGcsFGFoclu,王郁婷,01-3713098,chaoyuan@test.com,1,2024-03-01 04:18:20,male,台灣,新北市,鶯歌區,大湖路,15號,,,1996/8/5
,3,$2b$10$G3zMtxJedMrNP47tUdO6r.nXktbunZN5gU.45jettpWccVh7qn6IG,楊馨儀,03-9377565,xialai@test.com,1,2024-02-25 03:28:52,female,台灣,新北市,鶯歌區,大湖路,16號,,,1995/11/24
,3,$2b$10$L9Lz.rrsbKTkZGNc0qxupuHgiRMNhOEciCA4Z1EI1zW56yhlVKF56,杭詩婷,05-1965680,likang@test.com,1,2024-03-04 01:59:58,male,台灣,新北市,鶯歌區,大湖路,17號,,,1982/12/7
,3,$2b$10$DvcdPfMYXJHB1cU/oPNVX.gY0AqjJghCsfOM75h.xBwXatEN8tAfC,賈佩君,06-40850365,fdeng@test.com,1,2024-02-19 06:03:42,female,台灣,新北市,鶯歌區,大湖路,18號,,,1993/11/21
,3,$2b$10$eFCE6rKVP1XqkgV94csd7OGmRErzPFDwSoCSOkvlSS7W623ZfainS,莫懿,04-6844889,juancheng@test.com,1,2024-08-10 10:30:22,female,台灣,新北市,鶯歌區,大湖路,19號,,,1980/2/4
,3,$2b$10$4Bnh3WE6ZspojbEsK8lwSeCgP2FQeJtH9o/uTtHJP/agLTB7NC6Xa,曾雅琪,02-31729218,jing49@test.com,1,2024-07-28 07:18:33,male,台灣,新北市,鶯歌區,大湖路,20號,,,1999/12/6
,3,$2b$10$IbkWmefwFuByoi/J9PeFnefTse5boKjFAm9lyxYETC2TCQyndJPl2,李冠霖,08-78901202,qiangmo@test.com,1,2024-06-25 09:14:27,female,台灣,新北市,鶯歌區,大湖路,21號,,,1987/2/12
,3,$2b$10$PxT.JZ6X62jtgONARwg.4eNblY1PQGlmZRkriw2.FKZ2uX0.MgQH6,路惠如,04-3195141,yang65@test.com,1,2024-07-08 01:32:40,female,台灣,新北市,鶯歌區,大湖路,22號,,,1989/10/1
,3,$2b$10$6AKL6gOUZoEb0Ve0ATsGOeBOpD7JlKuADq7eyOJUUjo2OY.OBBvdq,張心怡,06-8900399,tshi@test.com,1,2024-01-16 10:48:17,female,台灣,新北市,鶯歌區,大湖路,23號,,,1991/8/28
,3,$2b$10$GLNxb6jlhugVuVwjkaHTwuv.WI6iVgArOLttyfqotqZtN8ZHLyVsC,楊佳玲,04-66002451,xiuying01@test.com,1,2024-06-11 03:41:28,male,台灣,新北市,鶯歌區,大湖路,2424號,,,1971/12/22
,3,$2b$10$P36hDShIkJrY22U7dikqWOg7V8Sj7f1AO9Ai6a24HC1tOiW3qSMau,吳雅文,0963930825,oliang@test.com,1,2024-07-20 11:53:32,female,台灣,新北市,鶯歌區,大湖路,2525號,,,1971/3/7
,3,$2b$10$oMR4s3NlfLThGzhdLUMvy.q1poCQg6euuTSldokKh5Q3hbCW32g7a,譚沖,0915889759,nahao@test.com,1,2024-05-28 12:44:42,male,台灣,新北市,鶯歌區,大湖路,2626號,,,2000/9/9
,3,$2b$10$0WH7K6W9xzmbp1TGhTgqLOSlW/jt9L5Mo2Ug4G3s15zmNhHfzsHyC,高俊傑,07-5526017,dxu@test.com,1,2024-07-20 11:33:41,female,台灣,新北市,鶯歌區,大湖路,27號,,,2000/9/24
,3,$2b$10$eOG4L/tNOaDPgwaq791I7u8cIaCapvRxTPi5ifpTJT2nRHrX7zjDe,黃淑娟,08-6650160,rzhong@test.com,1,2024-03-04 06:53:30,female,台灣,新北市,鶯歌區,大湖路,28號,,,1987/8/24
,3,$2b$10$JsLaUGA4xijavNrKfX03CucdW.MCv5q0PR1CTv6zQlPp8eNRW/LAq,趙思穎,01-14184285,yang53@test.com,1,2024-03-12 12:15:49,male,台灣,新北市,鶯歌區,大湖路,29號,,,1998/9/1
,3,$2b$10$yEua93w0BsLsxN.Hwlbqn.dRyLnWlLrqnsd2KmatByjFOmkIgSmKO,李雅文,02-18739757,jwei@test.com,1,2024-03-20 11:39:47,female,台灣,新北市,鶯歌區,大湖路,30號,,,1975/3/22
,3,$2b$10$wYGC7yMUP6WXv8lqpBRmme8iXjRNG7vfiWXCAh8ILat4z6klfSqsa,段鈺婷,0953829502,momin@test.com,1,2024-02-14 11:45:42,female,台灣,新北市,鶯歌區,大湖路,31號,,,1992/6/26
,3,$2b$10$bWdXfm23qhK4XDG0Qmagi.oFiZyraLhYUYa5vP/2joG7xQMEpJdE.,王筱涵,08-27800732,li43@test.com,1,2024-01-31 03:28:06,female,台灣,新北市,鶯歌區,大湖路,32號,,,1978/8/18
,3,$2b$10$sb61q0/t0UU7TxgicGxJSu3Xgt6xQNIovpxYe/SF1ULA/w6P/ntfm,萬佩珊,01-8916513,xiuying36@test.com,1,2024-04-10 12:47:45,male,台灣,新北市,鶯歌區,大湖路,33號,,,1991/2/27
,3,$2b$10$saSnLsTLN.4XIRwpNABUHOWh/EvVo9x0UaCZlJqxFRb/f0G3wq8xW,林怡君,01-1086967,guiying43@test.com,1,2024-01-06 12:26:00,female,台灣,新北市,鶯歌區,大湖路,34號,,,1988/3/26
,3,$2b$10$m815PU.yr0a1iFLqyolF5OErw0tjFRmeQ1erqU1/7oGrl34Q0eOI2,李怡萱,07-70416823,gongqiang@test.com,1,2024-04-24 04:44:49,male,台灣,新北市,鶯歌區,大湖路,35號,,,1999/12/31
,3,$2b$10$2jhx8IR3WOKYdbbpvsao8.ilTHuyS9MGuUA8pd0Bs.GvCgpAlHE0.,王怡如,05-28180786,gang70@test.com,1,2024-05-22 04:12:11,female,台灣,新北市,鶯歌區,大湖路,36號,,,1992/9/23
,4,$2b$10$j8b/T3bmKKtIYUp1e52FtuisQg6es2Mr4ex2KWyxh6E2iLfrEcZjG,朱雅雯,07-8951261,bxia@test.com,1,2024-05-24 12:39:16,female,台灣,新北市,鶯歌區,大湖路,37號,,,1985/2/1
,4,$2b$10$uxoxaNIkDPLoldZ8UWtJAO90drA6VsMhqE8WvmCSyyJNQyGJdR2M2,王琬婷,0991483144,taoxu@test.com,1,2024-01-16 07:27:41,male,台灣,新北市,鶯歌區,大湖路,38號,,,1998/10/27
,4,$2b$10$ernZR4k1a.ponVadPAj6y.O22re55j9Q4QGM34MURiUd/l4N.XBEK,邵郁婷,0920187563,rengang@test.com,1,2024-05-08 03:40:29,female,台灣,新北市,鶯歌區,大湖路,39號,,,1975/4/13
,4,$2b$10$W9tZxxZraq.Wu8caKttVcurqTQegEnD0vdix69EFPnW27vTMfHvRe,楊俊宏,08-86299895,leixie@test.com,1,2024-02-17 04:41:21,female,台灣,新北市,鶯歌區,大湖路,40號,,,1987/1/18
,4,$2b$10$izvLhbk6aXMLuT44gju5HuGbS1xwbCAU0agzMtRlOdLwQkIAhvIVu,周宇軒,0963235355,qianglai@test.com,1,2024-02-21 09:56:02,female,台灣,新北市,鶯歌區,大湖路,41號,,,1979/4/24
,4,$2b$10$/UPLTFIWoBaUdAN8nCc/Jujft47Dz3xPiRCdIhYQ6jg9ISn.wOwFi,蔡佳樺,05-52180139,fang67@test.com,1,2024-03-27 07:08:21,male,台灣,新北市,鶯歌區,大湖路,42號,,,1999/11/4
,4,$2b$10$ccWAPhpNMt/.RAuclGVFWuGY9bgr6VVwgdpBMy6gN3DBC01XudxaC,趙志豪,08-13010999,hdeng@test.com,1,2024-05-08 08:36:30,female,台灣,屏東縣,潮州鎮,永信街,6號,,,1977/8/28
,4,$2b$10$wTyrRUKqUouOL1wFXdVbR.bR4SWy8phZav9Jc8y/knqmWe153807q,黃佳蓉,03-95799804,yong67@test.com,1,2024-05-02 10:39:20,male,台灣,嘉義縣,大林鎮,大民北路,2號,,,1991/2/18
,4,$2b$10$ui5Sb2UDT6VDTYuL1eD0juIfUbHg14mrQLWnCGyjZbKuhVdCxIzmW,王怡如,0970665055,chenlei@test.com,1,2024-05-14 05:40:25,female,台灣,宜蘭縣,員山鄉,永同路,7號,,,1996/3/25
,4,$2b$10$EHidC8WCqFZ6GHNDRX6ezuvQkilRGGFDLX.59fnIqKz3Z/S7FKnhW,黃信宏,02-7138330,echeng@test.com,1,2024-07-25 07:02:22,female,台灣,新北市,三重區,仁義街,29號,,,1970/2/14
,4,$2b$10$okGwWxnX49AmcHU8pEQhlu7gyxsauVqELeJhcVir/iCZUT20sG3gC,周家瑋,08-8448517,cwen@test.com,1,2024-07-16 11:11:53,male,台灣,高雄市,楠梓區,金和街,25號,,,1985/2/1
,4,$2b$10$82RDRoDX4worOGaYVmf2QuE7LZrs38ZTbKIMAIbX.wb7M2zpof4Cm,伍冠廷,04-5088484,mhuang@test.com,1,2024-03-15 02:34:56,female,台灣,桃園市,中壢區,三合一街,5號,,,1970/11/24
,4,$2b$10$a1383ko1UnBD3UNwpPrQzus2RQhQen0qr2Vf67Wt4S8UiJUyt/k0a,王佳玲,07-18049250,guiying01@test.com,1,2024-06-02 10:51:57,female,台灣,高雄市,茄萣區,光復街,35號,,,1971/8/12
,4,$2b$10$ggmDVPBY2i7PD905AMy9WOj217I6zJxXRouHhtdNpPFN2Oc4BiBLW,郝惠雯,09-2715731,nazou@test.com,1,2024-05-23 09:04:45,female,台灣,雲林縣,麥寮鄉,復興路,9號,,,1997/4/2
,4,$2b$10$Rvy8fcXw6Uxb9KvvKddLW.YoTBmkPIxZLFtCr9B1kDHO3/4CadNju,林心怡,05-34324925,dinglei@test.com,1,2024-03-16 04:21:07,male,台灣,彰化縣,彰化市,建國南路,11號,,,2000/2/7
,4,$2b$10$8.uI82/q5rj87fH5ly1DCeG53N8RYYfZ8UhuMtFgVT2J9NqpU4T8.,王羽,05-32137825,gangzhong@test.com,1,2024-04-16 06:16:13,female,台灣,新竹縣,湖口鄉,貴州三街,1號,,,1982/1/5
,4,$2b$10$Kt7wXwHo8zDsqnrS.5DDDeTh7vdclw7uJnr3fl.HIITOSjbW7DVDy,張怡君,06-54761862,jiepeng@test.com,1,2024-01-15 11:49:00,male,台灣,高雄市,左營區,自勉路,3號,,,1983/10/19
,4,$2b$10$ZDbqeXM1eRNX4uyO/q4TIeT4oGy87bsEJq97sHA.tjYlWw7McjkUO,王淑貞,0929144664,jun35@test.com,1,2024-04-15 01:18:20,female,台灣,彰化縣,員林市,實踐街,26號,,,1994/4/18
,4,$2b$10$5RR/7D3QDirmJBf/92pQhOo7uPBqutS0iebJDgnDTX9d8TZaosAb6,黃惠雯,05-9811340,li96@test.com,1,2024-07-17 05:28:57,female,台灣,宜蘭縣,冬山鄉,中溪洲路,34號,,,1974/3/1
,4,$2b$10$oByfcZc4t.exO64YGcRJj.qBITuMIpXSs9SnG3EieumlWCLA12uu2,孫詩婷,0978821828,nyan@test.com,1,2024-03-12 07:55:08,male,台灣,彰化縣,鹿港鎮,民主街,4號,,,1984/1/21
,4,$2b$10$nVBDNZoKMiV1XIFhyWLBWO1Pzp1UJ3NAQSMpoN5Y2fHENY9wVjMAK,陳佳玲,0912475146,cfan@test.com,1,2024-07-06 01:22:19,female,台灣,新竹市,東區德,成街,23號,,,1978/7/18
,4,$2b$10$oQ5OU.TJlapNWw7Y2zQUAey4FaVr/J1aRLByDWTSYMonJKMbBmGOq,秦淑華,07-6859418,ohu@test.com,1,2024-03-31 04:27:22,female,台灣,雲林縣,虎尾鎮,永興南七路,32號,,,1989/6/23
,4,$2b$10$LE0Dmlc8sPmCaQMjs1/uJee3O1s7oiySMTxbjcB1dd8OTWqv2/XHa,劉郁雯,03-2324792,laiqiang@test.com,1,2024-04-16 06:25:53,female,台灣,雲林縣,四湖鄉,中華路,8號,,,2000/8/16
,4,$2b$10$MROpMRChVkULRo.Mb5.9pemwWwI7hcEQ3DQOsZJiLtEggs/hiuqd.,李淑芬,0989331923,chaofan@test.com,1,2024-08-04 11:42:30,male,台灣,彰化縣,二林鎮,永順街,29號,,,1985/4/11
,4,$2b$10$B9qGSoGKc/fqFlGd1netjexTTxXKI9N5t9K.KEdBQOZgHtrSFf4/u,柯怡伶,0949997019,jiangping@test.com,1,2024-05-05 05:08:38,female,台灣,高雄市,燕巢區,安西路,28號,,,1996/7/14
,4,$2b$10$VSw0iC7Qg790t.m23B.7puL.qotHJLuSN7fZMnQduC7FkuCJuViGu,謝欣怡,0907041670,gmeng@test.com,1,2024-07-09 04:46:41,male,台灣,桃園市,桃園區,江南四街,17號,,,1978/12/10
,4,$2b$10$B0JJkujkyeOajRISuzXSmuTLxB4YoHoAuEF0qcOwrwtz38T9Yor1e,彭淑芬,0928004829,cxia@test.com,1,2024-03-21 10:30:34,female,台灣,屏東縣,屏東市,民安路,13號,,,1979/9/8
,4,$2b$10$qVppIK8PCsLv7H7I2B5Hdeh.WjKtk6bZQlVn.4uznee/giEUsvzhi,甄俊傑,02-1425207,jiayong@test.com,1,2024-05-27 03:33:14,female,台灣,台北市,松山區,濱江街,20號,,,1980/3/27
,4,$2b$10$nM1cpXSnkVLDLoi5YLVXKOCLdPJWGHNlp87P3wecM7rRJVTFL00c6,相詩婷,01-97367243,tguo@test.com,1,2024-04-17 07:27:25,male,台灣,桃園市,大溪區,信義路,17號,,,1992/4/4
,4,$2b$10$0V7CslVloeo6odtx87mowe/iTDcZ6IVNhvTcEkBIREa5FzqCwgxBm,李嘉玲,0939775166,zxu@test.com,1,2024-03-06 01:57:39,female,台灣,彰化縣,埤頭鄉,東西路,17號,,,1991/2/14
,4,$2b$10$100ut1Xa9Yg/j5VwcABE6eccpAbdyCNfJnv/B0XaD6TPziIpeogK.,張懿,08-2070269,lliu@test.com,1,2024-04-13 10:58:06,female,台灣,高雄市,三民區,宣化街,16號,,,1995/5/28
,4,$2b$10$LA8QxFE3hOP.bNfHlJsrteuojMa3BeY9kRj1G3AekICCw7Zdbkd6G,李淑慧,03-4942784,wugang@test.com,1,2024-08-14 05:45:36,female,台灣,苗栗縣,三灣鄉,民安街,31號,,,1985/9/4
,4,$2b$10$F/ZMabpjxjlu7S8ZkETDeOhrZRwQG3TTHeD6fEqW.bbU/vG3C1F/i,許飛,06-57616985,ping40@test.com,1,2024-03-01 08:38:26,male,台灣,宜蘭縣,宜蘭市,陽明六路,8號,,,1992/1/3
,4,$2b$10$SVPjGfwxCfJVyclrUvZrh.bY6PsHJ2nTN8bHi2H2aB.h2rwUSyOHW,李淑玲,0955536168,caojuan@test.com,1,2024-05-05 04:04:39,female,台灣,高雄市,鳳山區,頂昌街,17號,,,1992/12/21
,4,$2b$10$ePr0YppntsAZYRzufVVx/elboUjW5jtLEh1cuDZic2gLeH/oo.1fO,黃俊宏,0956624862,azhang@test.com,1,2024-01-30 01:27:00,male,台灣,台北市,文山區,車前路,9號,,,1997/3/9
,4,$2b$10$p5B08YEnBmCYaoBhfQ40YuYQN3V1T82ZhzB76S3UZ.xh8NweFSdvq,陳冠霖,0906923365,xiulan10@test.com,1,2024-03-13 11:21:37,female,台灣,苗栗縣,公館鄉,近光路,26號,,,1995/2/9
,4,$2b$10$RAc00Gg11ie3xs/U2I2h.Odk79msxQcGpt1T09y9TwzeQ8yMBqPby,謝怡安,08-1591729,dkang@test.com,1,2024-02-27 02:40:10,female,台灣,新竹市,東區中,正路,28號,,,1972/6/30
,4,$2b$10$oDi6kfPtMY92JG1w84ShOOFs/NDLUYYU125dAIG8db9VdWFH0XYQy,何雅芳,0908060933,ming85@test.com,1,2024-06-18 04:11:25,male,台灣,花蓮縣,花蓮市,忠義二街,22號,,,1975/6/20
,4,$2b$10$5O18lLOZhJRoqidjVeGCw.yPq1GJVcmNxD1UZwKU1.b1Yq1GuubGy,高俊賢,0939950059,xyang@test.com,1,2024-05-08 03:23:54,female,台灣,高雄市,前金區,新盛二街,10號,,,1997/12/11
,4,$2b$10$bwyiQ4ndBEVHHdw7FF36Cub1AI3WQrey3TPIlydEBCsrdd2VxU5eO,張雅萍,0938878991,dliao@test.com,1,2024-02-16 06:13:36,female,台灣,雲林縣,斗六市,梅堤路,33號,,,1998/7/8
,4,$2b$10$ao3P1ZYEFkYqTUcG2f6i3uVFu3r5peltaoutHgSRjSkgxKvTUm0lC,劉婉婷,02-2011818,rengang@test.com,1,2024-02-02 01:49:02,female,台灣,雲林縣,林內鄉,大同路,15號,,,1998/12/27
,4,$2b$10$VZAKvMxKk6YMC0PTGJsAru0W16TDBiMrFxyn1WcqSeJLXkkcBZbNW,羅筱涵,07-3386877,vwu@test.com,1,2024-02-18 11:33:13,male,台灣,雲林縣,東勢鄉,復興路,35號,,,1981/2/23
,4,$2b$10$WGlrr2HJGYEtDZYVUTXdb.DbhO6pGSoq7uPxP8pkaE9kShwfnil5W,周佳樺,07-7991581,achang@test.com,1,2024-02-16 08:46:21,female,台灣,高雄市,前金區,中山一路,31號,,,1998/11/12
,4,$2b$10$3tp5t1HNO7rOtzAxaeyh8uZ8H.VntwYVmLOgQLxzhlo0tUYVpG7.O,李雅玲,0909855144,kxia@test.com,1,2024-04-25 04:12:46,male,台灣,屏東縣,鹽埔鄉,建興街,27號,,,1986/3/25
,4,$2b$10$NSWa10kfbWbpQieRsr1DgeRoo7XJR1JL1t44dQZuM.lh.0/h3aBPC,嶽雅萍,02-14749653,fengming@test.com,1,2024-02-28 11:02:04,female,台灣,新北市,萬里區,聽濤路,3號,,,1975/8/4
,4,$2b$10$SoyLRn0tTvhiLzAg/HTTTes4LUedd9HWhXgufEpHrMpo2vTylph2i,李淑慧,0911111983,ganglai@test.com,1,2024-02-25 07:35:19,female,台灣,雲林縣,斗六市,昆明路,15號,,,1995/5/4
,4,$2b$10$Ih/TK9AsMKBblmUsSI/PWuczHzliWdfPRA1zhM1imxYY6Fcv4FVcq,賈淑玲,0913684153,changxiulan@test.com,1,2024-03-28 01:30:41,male,台灣,桃園市,龍潭區,富山三街,31號,,,1976/6/17
,4,$2b$10$/OYqmFN2.vp7a7KbPGZ02.Udk7hI9sqi2rbAYVs/MXPwW.o5RPbEK,江庭瑋,04-73182344,sdeng@test.com,1,2024-01-26 05:00:48,female,台灣,花蓮縣,吉安鄉,南海五街,14號,,,1974/8/24
,4,$2b$10$sGkjbHblcH3mED5OEgFFVuSgD5G0AhZ1uxli.vXDDACzesOcaQlAG,呂俊宏,00-3618793,juanzhou@test.com,1,2024-01-05 10:51:32,female,台灣,雲林縣,崙背鄉,頂街,28號,,,1977/2/4
,4,$2b$10$ijdk/nTVDQU7.ZVGzaWRIOXnR4djKoCTtRnADiIo/RRjf42kfh9QC,劉美玲,0957621232,ming90@test.com,1,2024-06-15 11:58:50,female,台灣,新北市,平溪區,紫來產業道路,31號,,,1987/9/28
,4,$2b$10$XKhPCWuX/O3ffmodmTjn5uXPJz6pzLwgkV1GtzpMRlt5IkexqJ3Bm,徐宜君,0963353379,juan07@test.com,1,2024-04-08 04:46:12,male,台灣,嘉義市,西區光,彩街,28號,,,1995/8/26
,4,$2b$10$3qvDAuBeQZUT4JrY9Bp9DOsDW4TRWHXzXWZ45/jxtrYcWEVnHw34y,袁建宏,00-27227518,juanhuang@test.com,1,2024-01-15 03:22:33,female,台灣,彰化縣,社頭鄉,松雅路,16號,,,1997/12/19
,4,$2b$10$e1hM2VnY9V0U7S1JDrOjEutyo6KIhLMilnJZEMYBxE/BCvLYkQLb.,王惠雯,09-9154689,yan02@test.com,1,2024-03-04 06:55:00,male,台灣,高雄市,橋頭區,橋新二路,3號,,,1978/8/13
,4,$2b$10$WrRN1lvLPXk6MsBllyTAPeDeHoFlkYzOJkdlgl12yp1xbFBmZODyS,李依婷,03-4057779,linjie@test.com,1,2024-07-03 11:39:38,female,台灣,苗栗縣,西湖鄉,店仔街,4-1號368,,,1970/8/5
,4,$2b$10$fQq2ASsrMLnpqHdts7Ll/uQ6HXoJ7gZRdr5uLkUrNZvTioUgd7wQq,王家豪,04-71093726,bwang@test.com,1,2024-01-09 06:41:50,female,台灣,新竹市,香山區,埔前路,18號,,,1989/7/11
,4,$2b$10$nlqtHtgiJgl5koqgIKjpkOqQNMVB6sMSWhlAh6Yrq/JPneGW/jf5m,馬中山,02-30695761,mofang@test.com,1,2024-06-07 04:03:17,male,台灣,雲林縣,斗六市,久安路,11號,,,1983/3/24
,4,$2b$10$z0m9WUiXVTLOi4zB6fC2EOSqpfMhPB1T8FgLLD6v..A.JqSICtt4W,巫鈺婷,0942551455,junhou@test.com,1,2024-06-11 07:40:13,female,台灣,基隆市,七堵區,百二街,30號,,,1999/3/5
,4,$2b$10$Vragy94dXC8Q7o4r2QvJW.c5RqBRbL.Ta.E..RM3RXJEf14IcdjDa,王怡如,03-81872593,baiqiang@test.com,1,2024-01-28 07:44:23,female,台灣,花蓮縣,吉安鄉,慈惠三街,31號,,,1973/6/15
,4,$2b$10$eUq3gUsxT/T8TIRE4YJgS.rzXmdhaVdreO8gUCE2p1PJHJeySfPMe,蕭宗翰,0937930660,qiangchen@test.com,1,2024-05-09 07:26:49,female,台灣,苗栗縣,苗栗市,華民路,15號,,,1987/8/26
,4,$2b$10$nZfg0u8Q8U6v4Oh1AlroW.GTcDmvqKC.um31m.iQmrtzIAC2kouVK,莊瑋婷,09-30550581,dpeng@test.com,1,2024-07-14 11:17:37,male,台灣,屏東縣,南州鄉,光華路,21號,,,1993/3/12
,4,$2b$10$3pKaWdMtTH3syhbmkO5aLuB/Xs4TlVRBLG4k3K12dXTKbN0wymPAC,胡淑娟,0936750145,xia79@test.com,1,2024-01-28 10:54:32,female,台灣,新北市,林口區,南勢街,13號,,,1981/7/14
,4,$2b$10$EiF7uv7wcdK.wSlP2KsFk.fUlGianS/mEOGOnJKcvRRg.R4ru8dR2,張佩珊,0978172311,tao60@test.com,1,2024-01-02 12:12:33,male,台灣,桃園市,中壢區,高鐵站前東路,3號,,,1981/9/16
,4,$2b$10$vbruGun6etVPhTyQrEDYqu97Hnd1sFrJWDxgMjAoyuDcaaIx.T7eO,任淑惠,07-32649357,guiying44@test.com,1,2024-02-05 09:07:10,female,台灣,南投縣,埔里鎮,四維路,28號,,,1991/12/7
,4,$2b$10$pIKsTSDI7AoNs5krDcN/Fu/Lm9g2EZhBWRrLV.WdVxosxdfkg5rOm,陳冠宇,01-61063824,yanqiang@test.com,1,2024-07-27 02:10:51,female,台灣,桃園市,新屋區,埔和路,31號,,,1971/7/10
,4,$2b$10$P.XftMBI6MF5a1xbPOu0Q.oJri/gnN/n6Kbb8agItGMMkeKTip4BW,張淑慧,02-2582516,nama@test.com,1,2024-04-09 01:14:19,male,台灣,花蓮縣,花蓮市,中正路,268號,,,1994/7/29
,4,$2b$10$2wxkT7i8nlr7fbax.pOiM.kl0xc3kSjpowW34JofIFW3cmYoB3vpS,王惠婷,06-11586548,jundu@test.com,1,2024-04-20 01:34:25,female,台灣,花蓮縣,玉里鎮,四維二街,24號,,,1991/7/17
,4,$2b$10$1xH3VTahKzB8UEfOQpVZC.0dkfrqA7kaHmOtzcFZgrxGleDJ.Scj6,鮑雅芳,0939162659,xia11@test.com,1,2024-01-03 12:22:33,female,台灣,新北市,板橋區,民族路,32號,,,1996/5/22
,4,$2b$10$jhTn2x16dRy5P21UAxYfS.ycaNa7hKKjDct.0EvtZ3ywgglICr6oC,李婉婷,07-1768778,yonglei@test.com,1,2024-06-06 09:06:19,female,台灣,高雄市,旗津區,中港街,4號,,,1972/6/1
,4,$2b$10$pVckdvL58TZ2sW7wZJ0h9OufRXScG/0aYqWB82xquAwTkPMn5U9cK,李琬婷,04-8715944,guiying48@test.com,1,2024-05-06 05:25:02,male,台灣,桃園市,觀音區,七賢一街,15號,,,1985/11/16
,4,$2b$10$aOkDHVm8.oIFW3v8L.Z04.C.h664ONoaRN5.UimV9jS5CCBbUf632,謝佳玲,08-2284765,uchang@test.com,1,2024-06-21 02:39:26,female,台灣,屏東縣,內埔鄉,原勝路,25號,,,1994/11/2
,4,$2b$10$IefNNzzI2yN35y6myC7fWulA22Ry0lHb7lgn8Wo0uybTY/k6hfQkK,李惠雯,0975123185,yangduan@test.com,1,2024-05-18 03:06:54,male,台灣,桃園市,中壢區,仁德五街,33號,,,1988/7/30
,4,$2b$10$whIAFP8d7ZxEz6GuFE7l/.mt3gR2icZVphntSPXmFkezG33ZvgMje,趙雅婷,05-67259277,xiulan39@test.com,1,2024-07-14 12:11:17,female,台灣,雲林縣,斗南鎮,義德路,34號,,,1989/9/12
,4,$2b$10$auVe.swaZO4Gxo.CRLv/mOHyrtBQPyWRIvm6S001V81iUmzsUQuBS,李欣怡,02-9758800,fanyan@test.com,1,2024-03-19 11:22:22,female,台灣,屏東縣,佳冬鄉,民族路,34號,,,1973/5/5
,0,$2b$10$hozWbb1UHsuiFv1fk2m/QepBETGvQkLNXQEPdYzkVvh2nOens/9Iy,房欣怡,07-9475759,wzhu@test.com,1,2024-04-04 05:46:47,male,台灣,南投縣,名間鄉,南雅街,20號,,,1977/10/7
,0,$2b$10$43V4Qtn4YOdtyzZrzdgqreD9m4Z6ZZPJvpC275iF0OoG8Rmyavu32,莫信宏,01-1289415,jiefang@test.com,1,2024-07-28 05:37:12,female,台灣,新竹市,香山區,花園新城一街,6號,,,1976/12/9
,0,$2b$10$5nrkZ7IbPOElqDTtx5/Yb.1RC1CT2W8erAsc2EUWz3WlVqVdxnu06,韓中山,0941620531,tpan@test.com,1,2024-01-31 07:28:54,female,台灣,高雄市,小港區,華美街,27號,,,1985/8/25
,0,$2b$10$meEhyYgbsRIHEaVsXqHHiuYxwK45U/V0Tay1.Rtt8Aw4ktjHmMYcm,薛佳慧,01-35267811,minglu@test.com,1,2024-05-26 07:58:23,female,台灣,雲林縣,土庫鎮,民族路,9號,,,1983/4/29
,0,$2b$10$gSUSC/umgo6J6joZL16n5elDN9FS1jIT7RO7FpoDfsnDHxs4c5Thm,張馨儀,0942397103,rkang@test.com,1,2024-05-22 06:03:55,male,台灣,新北市,鶯歌區,晨曦街,三棟13號,,,1997/4/16
,0,$2b$10$hG4glxuaWyysh/vmslIvZOQL/pt23MsjhrdbQJagqGpajTENYlMWq,周冠宇,0946914016,xiaojing@test.com,1,2024-06-21 03:46:09,female,台灣,彰化縣,和美鎮,竹社路,5號,,,1981/11/4
,0,$2b$10$1/uQxNPlidsR7.gLf1pC/.goQboljSyQ0ggSvUrbTZ45I/zCU352a,劉宜庭,06-97410789,pingtang@test.com,1,2024-02-27 09:59:30,male,台灣,新竹縣,竹北市,科大一路,17號,,,1978/4/26
,0,$2b$10$vDbGdrpwoSuAk90SPh1zpOSnUX2VG/aQkX7z7bURqO.tOqldrq13.,李彥廷,07-86102373,ming23@test.com,1,2024-08-01 02:50:34,female,台灣,雲林縣,古坑鄉,中洲,41-1號,,,1984/12/11
,0,$2b$10$1PPe/s/1E8H9coc7vdvBu.gV/btkXn.faQIQHxPvmyab5ieAPr85q,明佩君,03-57699307,fbai@test.com,1,2024-04-04 01:21:57,female,台灣,花蓮縣,花蓮市,富裕八街,5號,,,1997/8/29
,0,$2b$10$cyTMCCdbFNrUwgojEBNtsecI1d5yq1El.CvIAzA3JphHgE2s/4kFe,王怡婷,04-3011933,jing37@test.com,1,2024-01-05 06:12:02,male,台灣,桃園市,蘆竹區,南上路,8號,,,1973/11/21
,0,$2b$10$hMm5b6VIg2NflUQ7zdw7Te3yLp6IkySiT9/JWFjqu3HPaVjQW6rKO,孫家銘,0981709487,caogang@test.com,1,2024-05-10 02:05:09,female,台灣,桃園市,中壢區,民溪三路,29號,,,1991/3/7
,0,$2b$10$G69FJ43i7JFiXYT/PoRfQ.8m.BvT8seLoSSPwtoblJkR94XUSHIei,孟俊宏,0997464725,qiang88@test.com,1,2024-03-30 07:05:55,female,台灣,新北市,淡水區,民族路,19號,,,1971/3/23
,0,$2b$10$x2R8g8q6odtI3t6f/YJ1T.xD73Q81kpFQqB2ULL2zWG3QIuoAPp3q,紀雅文,02-72811524,xiuyingkong@test.com,1,2024-05-08 03:20:45,female,台灣,桃園市,龜山區,興華二街,35號,,,1980/5/3
,0,$2b$10$CsOQv6UDyIrJLoKh/4eiIuls4RkOZPTHwPbG6LUZh7dAUSyol/XZu,周郁婷,0950403806,ilai@test.com,1,2024-05-11 01:02:43,male,台灣,桃園市,平鎮區,大興街,20號,,,1971/10/4
,1,$2b$10$EWNT6khb4LEr/iGjGZy/4enofnYuuxZeyV588Eai9/ddM2Y7cj2Ie,郭心怡,0933657671,wsu@test.com,1,2024-03-12 04:28:57,female,台灣,彰化縣,溪州鄉,中央路,15號,,,1991/1/21
,1,$2b$10$6g5hQKpkyuaiWyYFPDx1ou9ReruWDhuTQel8F3XHQ5sHO402Vq7gW,宋婉婷,0995169618,chao71@test.com,1,2024-03-28 03:43:14,male,台灣,高雄市,鳳山區,八成街,2號,,,1972/1/10
,1,$2b$10$FR6kW1IHpIm1OjN8KD4/0.PQjteMXRAwNkiCqVUSgHSTaSxN/SlVi,王雅筑,01-2063414,dongming@test.com,1,2024-07-18 05:20:08,female,台灣,嘉義市,西區福,州六街,33號,,,1973/3/9
,1,$2b$10$wVxLjgrtSTnn/ZqiLCcQK.6PocAc1/RSg5AxfAxoRRLBFQLADZBo2,裴惠雯,01-7000115,chao82@test.com,1,2024-02-12 03:51:48,female,台灣,屏東縣,潮州鎮,光明路,30號,,,1993/9/18
,1,$2b$10$2gIa8AVlHoFSAQDB5ACzluTYocjbm.bEq6gJZgyK5b/gj2lYpOy7a,吳郁婷,03-86529987,phuang@test.com,1,2024-03-14 02:03:10,male,台灣,宜蘭縣,宜蘭市,民生新街,19號,,,1988/1/14
,1,$2b$10$VOOM6n8icXJNXMLlLYyyregfSME/raTpjiE1ZIRWDLRLrMnpUwaCq,賀佳玲,0910976732,na45@test.com,1,2024-06-17 09:32:09,female,台灣,基隆市,中正區,信六路,34號,,,1988/11/19
,1,$2b$10$xQ5ZVsH3a9D9Tnsbsfr9j.Y5wxOmb0Fh4jvXSqE/TlLLmK/xB9Y6m,崔筱涵,0986131969,jli@test.com,1,2024-04-28 05:20:59,female,台灣,苗栗縣,頭份市,中興路,15號,,,1988/10/8
,1,$2b$10$Bv8tyqmUDlcZQRhvXmQfKehomPjkK5z.dVQPehC/s.gf4dAaUglli,方雅文,09-8280095,qiangfang@test.com,1,2024-04-02 04:03:26,female,台灣,彰化縣,大城鄉,人和巷,13號,,,1996/12/18
,1,$2b$10$bjAb1iZR8FpiVph1493HVuRsyNzQJ/Ynx2hsxTjrHGm7cDAqPzXJi,黃家銘,0962059116,tianping@test.com,1,2024-07-22 05:31:03,male,台灣,屏東縣,內埔鄉,昌宏路,33號,,,1996/11/11
,1,$2b$10$oZ2f6z8t7lFuVBMIpyNzKeFe3dQgH3qNpp2ANad/TthXYYmrsJiCy,楊佳穎,00-7763997,wshen@test.com,1,2024-07-24 05:37:10,female,台灣,苗栗縣,南庄鄉,小東河,1-1號,,,1997/5/30
,1,$2b$10$W0uIt.8BEJUx/uVymeTMbO5dAWdBUp.O49Wt1ABzuLV6m.WsUWanu,劉怡婷,0941637194,xiulanfang@test.com,1,2024-05-31 09:47:32,male,台灣,新竹縣,新埔鎮,三聖路,23號,,,1995/10/28
,1,$2b$10$RPq8h1Pr.Kqs255oIxiG1.u5HH2JPI.VOewRVW1yiDRWqK6BtpSz.,胥婉婷,0997952398,jie24@test.com,1,2024-06-24 11:13:37,female,台灣,桃園市,蘆竹區,蘆竹街,34號,,,1972/12/27
,1,$2b$10$hf1r/HKNgXTsONUooXG2veDR3vBbOu0uuNbeqT8keZLxPHS3MYeja,錢承翰,06-15106341,glei@test.com,1,2024-01-22 12:31:43,female,台灣,新北市,樹林區,光榮街,23號,,,1988/10/26
,1,$2b$10$d5u21bbFaFzcgySlnVdJt.ldPbGdsDn4v0od9jI5OOFl5KupgNCqm,陳宇軒,00-2873094,qiuna@test.com,1,2024-07-03 06:52:03,male,台灣,屏東縣,屏東市,漢陽街,30號,,,1990/3/28
,1,$2b$10$rXcUkwxqMlYuf7xa4FzBuOWza4GZNaKYYg1WmASZ5m/X7Wxn/XB/S,許慧君,09-1623360,qhao@test.com,1,2024-04-28 01:10:45,female,台灣,彰化縣,彰化市,林森西路,17號,,,1999/8/3
,1,$2b$10$ITCBdHk4mV9StR9kqgLcZuZoarYb6AuyTYpkpy2bLLBnaCfCm5p2u,林宜君,07-4491329,jun13@test.com,1,2024-03-10 03:47:50,female,台灣,雲林縣,斗六市,頂柴路,13號,,,1995/3/17
,1,$2b$10$M.Tue3OAgKbdgJrf2xkJIuqQt94vYnh52JMoUl9tIYtgjePDqE8ba,金郁雯,02-17629386,caijing@test.com,1,2024-08-03 03:18:32,female,台灣,高雄市,新興區,民生二路,18號,,,1994/7/6
,1,$2b$10$5SK11Ecsvc6kitu0NV.0BemHLMqm6gkyd/YTS/SCnHtYRfjo836yG,許筱涵,06-11822679,wanna@test.com,1,2024-04-21 09:52:01,male,台灣,苗栗縣,銅鑼鄉,自強路,23號,,,1997/3/25
,1,$2b$10$wDKB36r5pbYqqSo708PnjO39pWyQGo6JtuT.uOTKS1xf69mvyjbgS,盧宜君,05-3357905,weitao@test.com,1,2024-03-12 05:31:15,female,台灣,嘉義縣,梅山鄉,成功街,21號,,,1984/8/6
,1,$2b$10$w.pp.psVPPEE6ByMumqcT.HrYfwoZoKhKdBlM.eFa3ZIP7KRKLONK,張雅芳,04-2480698,min84@test.com,1,2024-05-02 04:26:54,male,台灣,屏東縣,里港鄉,鐵店路,25號,,,1981/7/24
,1,$2b$10$nSxNwJ2BPOutMJVfUwojOeN77EuBodgmKAzkRdMjkPt3bAMTHIDrS,繆俊傑,0928284783,azhang@test.com,1,2024-03-07 01:33:44,female,台灣,彰化縣,和美鎮,彰美路,16號,,,1996/3/10
,1,$2b$10$M.SGrXebMbE1tLYQcx6vO.0yypChvrqNGJjt5V1D4pIXPcIje34VW,吳沖,0928908501,apeng@test.com,1,2024-06-01 09:35:57,female,台灣,屏東縣,九如鄉,中路,11號,,,1996/2/26
,1,$2b$10$sFUMOBdbbK2wgAeZ1/L04.0XHZRRxWScStOlHTg7etIB9Ymusk11i,蕭傑克,06-23390546,songgang@test.com,1,2024-07-18 12:16:24,male,台灣,新北市,石碇區,四分子路,16號,,,1988/10/26
,1,$2b$10$ajOLzvZenBcfqQkAAnEwCugTUiVQoIQF08LtsJ7l5U7yd9tmXCRJu,楊佩君,07-4158869,yaoping@test.com,1,2024-02-13 12:05:32,female,台灣,屏東縣,長治鄉,研發三路,11號,,,1982/11/27
,1,$2b$10$5MYYnYO38IkboyVPUJ4i4uAxIvZSo8m6WH9idvZaUe6wXLgtywGBm,謝彥廷,01-3136137,yongwang@test.com,1,2024-05-24 01:39:17,female,台灣,高雄市,燕巢區,滾水路,4號,,,1971/5/1
,1,$2b$10$UNghwlFaZjWkR5PrHC4bT.HVNK9n7wATfht96gvU8Locv6gxv2Ngq,田郁雯,0948808852,xiuyinggong@test.com,1,2024-06-20 07:50:07,female,台灣,桃園市,桃園區,東勇北路,9號,,,1987/12/18
,1,$2b$10$vLZovGUXeKYl/GYtqy0SjuyY4cSjysPjhmXSeADWZRzrr/RnBX3ri,梁雅芳,03-10914696,kongxiulan@test.com,1,2024-05-26 07:03:01,male,台灣,桃園市,中壢區,仁德八街,32號,,,1997/8/24
,1,$2b$10$TDTMNq9c6.NcEs0P4Ai9ke3n72P7bqCibCA9BUws3PcqQv3Y8e9nK,季佩君,0959810218,taoyang@test.com,1,2024-03-31 09:10:11,female,台灣,高雄市,鳳山區,輜汽北一路,17號,,,1970/7/30
,1,$2b$10$PEI33RD6lJfMGcc/XsYya.bRnfyQdS0Zilh4EeNcij1a0VLYreMCC,何中山,0918944620,yijun@test.com,1,2024-06-27 11:40:29,male,台灣,高雄市,鳳山區,興隆街,20號,,,1999/3/3
,1,$2b$10$cR.pD5XVAIOxpElJFUX22OxVnPJMci57Fk38H6tZSo9R4annW2b9G,吳詩涵,0975430844,whe@test.com,1,2024-01-13 03:45:03,female,台灣,苗栗縣,苗栗市,維祥街,7號,,,1985/7/11
,1,$2b$10$69wdMASPQmbx5eWGfMOEcuT3I4pEbk44DdK1zDKwdl9DST9OPrf.2,張冠霖,0982617996,yangsun@test.com,1,2024-04-18 12:00:41,female,台灣,彰化縣,永靖鄉,文建街,29號,,,1995/4/17
,1,$2b$10$blgwOEp3fIXZnbUXEqZuMe5SYhovcwPdWSfcyUyhXlAneVnhPR5qy,劉冠廷,00-94439144,na97@test.com,1,2024-02-28 12:12:17,male,台灣,台北市,萬華區,國興路,13號,,,1976/1/11
,1,$2b$10$hUW3hgSK625MKUH86tHapuwqNuEoj4ugrxvL1d8dHR9vo/yPWSreS,陳承翰,02-7504061,ezhu@test.com,1,2024-02-02 11:31:25,female,台灣,屏東縣,枋寮鄉,實踐街,14號,,,1989/7/13
,1,$2b$10$YiVTUgsmqzosjJ0OvE5gxOdHWc2TE407JWZezJMweUooMDuQjvR0K,陳雅芳,02-7196987,qhuang@test.com,1,2024-04-28 05:07:50,female,台灣,高雄市,小港區,平和東路,34號,,,1988/10/4
,1,$2b$10$bm27nuuThFB1iNdLi.HvUOzh1JLQGDkpQ0zP8r3XYNdEhhQbXZOv6,嚴詩涵,0948208784,gangshen@test.com,1,2024-05-24 10:25:34,female,台灣,新北市,蘆洲區,永樂街,23號,,,1971/4/29
,1,$2b$10$sBfvXWZQg0uzcjDuf2V/E.UDm5NpG0vhVOKqb6yENNnHANENPSkPy,徐婉婷,0970298778,azhou@test.com,1,2024-06-30 01:39:58,male,台灣,台北市,松山區,塔悠路,8號,,,1994/12/24
,1,$2b$10$g79b7q9jx8PP6n0f54SwlOIF8gx.Bmq9Z5Vh5QWT8NtiVmDGsA1KO,劉佳慧,02-67593428,zhongchao@test.com,1,2024-07-04 03:04:38,female,台灣,新竹縣,新豐鄉,池府路,25號,,,1982/1/31
,1,$2b$10$GNHmo9xlaMIut/T4DCwrYOoZhc5/zABS8qJ6eAsbvYkshGSkcNr3W,劉彥廷,04-83305648,guiying81@test.com,1,2024-07-25 04:37:21,male,台灣,桃園市,中壢區,福壽十街,1號,,,1983/12/3
,1,$2b$10$CFikX7bEcFivJIHMm9LgG.vazslcsCszWrh/xkDHLl7XmyFMuJNRu,李瑋婷,06-8918341,xia87@test.com,1,2024-07-05 12:00:58,female,台灣,新北市,汐止區,八連路,12號,,,1997/11/12
,1,$2b$10$XGMPoiSUDyCN3/tpVungROFrUVgeEKpfP4EFxXJHYydJ8FvpmKTy.,張冠廷,02-51995382,qiulei@test.com,1,2024-06-09 12:45:14,female,台灣,苗栗縣,苗栗市,民生街,25號,,,1981/5/2
,1,$2b$10$9bpquX60Xf5Rv13D.k6V.eChYcXQ43/P8c/rwcIJT9Hao/Bzkl88m,萬雅玲,09-91964779,daiwei@test.com,1,2024-03-30 08:31:28,male,台灣,花蓮縣,吉安鄉,舊村一街,17號,,,1978/5/30
,1,$2b$10$qNdfqHgjGvcK7WW7u2ys..sjhwZMXyFR54ke0jpKGmljJ2O9aO8Hm,鄭婷婷,0960754741,ganggao@test.com,1,2024-06-01 02:43:08,female,台灣,新北市,三芝區,芝麻四街,2號,,,1982/4/20
,1,$2b$10$SD8pVwXlr/oxWF5k/tGoseISI2wIV6ncz4mq5L1nhz8k7PKFxrW/u,田惠雯,0921430870,linguiying@test.com,1,2024-01-10 01:52:57,female,台灣,新竹縣,寶山鄉,寶山路,3號,,,1993/11/20
,1,$2b$10$9dl0I34q6VD3r9v4jFHQReGIWGrvGMIV9CtWNkkHrRmsacBF530Ai,袁依婷,0978388740,guiyingdu@test.com,1,2024-07-22 06:12:51,female,台灣,雲林縣,斗六市,楓溝街,7號,,,1987/11/19
,1,$2b$10$qhYmj4e8/9ecv57ehH7ctui7js8KnSlHIM1g6.tCgFPpz5C9sW.Oe,羅冠宇,08-33410991,leilai@test.com,1,2024-04-03 03:06:14,male,台灣,桃園市,觀音區,四維三街,25號,,,1977/10/5
,1,$2b$10$7VO.WSOuhUB1iONsDHh1J.lC9afyAIhQEYnZF9Z77lrZXY2a4PVj.,張俊宏,09-3950062,mengming@test.com,1,2024-05-30 11:40:57,female,台灣,高雄市,小港區,崇文路,23號,,,1979/5/13
,1,$2b$10$g6gx0GDYQd5ktUs/vFYQ5OMXyrdYgJ2pAvlomNJhqhjFQLgxaQnoi,張怡伶,03-21816700,yanliang@test.com,1,2024-02-23 05:40:20,male,台灣,彰化縣,伸港鄉,東州路,12號,,,1988/6/13
,1,$2b$10$kRttgGf9rwhfcjOw0sqkT.W1vY6J51HOIEn5SfUHyFYCzSL25/896,陳彥廷,00-86446025,hyan@test.com,1,2024-08-02 08:36:25,female,台灣,台北市,文山區,樟新街,5號,,,1991/9/2
,1,$2b$10$iOStRlOqFQYfV2TZLY9V6.W2j0wjt2D3II3LeZ9iI8dn0XXg1VtQK,曹雅琪,05-2616387,ltang@test.com,1,2024-01-18 06:34:12,female,台灣,南投縣,南投市,玉井街,33號,,,1996/5/20
,1,$2b$10$aAh1EUB6GGyvefa5Bb6ZnuiKmQPdDrDtbpVBRfjgBG8.dsLdPrSGS,董淑玲,03-7828911,tzeng@test.com,1,2024-01-19 10:35:52,male,台灣,台東縣,台東市,大學路,18號,,,1997/2/15
,1,$2b$10$7HTJ/v1s.20F8f4.XBWYtOjPQkb6RvXct3utQAmJpMZmXPqXjNb4.,方彥廷,00-3464133,jing31@test.com,1,2024-05-12 05:40:49,female,台灣,新竹市,香山區,至善街,34號,,,1996/5/13
,1,$2b$10$o3ffY5JadudNa74wMwQOM.HhjP7zVzhRBv1gkATr30cW.LnP/im62,張怡婷,03-4259823,mingjin@test.com,1,2024-04-05 04:40:11,female,台灣,新竹市,北區府,後街,8號,,,2000/12/21
,1,$2b$10$3VZwnesfY1J8gb4ciwvAqupWEEoIH2YV5YSudU3NFuqicTXZGcr4q,徐龍,0953048103,ping86@test.com,1,2024-07-10 01:37:34,female,台灣,彰化縣,二林鎮,中央路,27號,,,1987/5/5
,1,$2b$10$4B5cQUZvHzoOlps/PD56LuYue4axwo2mlOHLzX3j/YVDg4xAQHjwG,何詩婷,0980937528,qiang31@test.com,1,2024-05-17 11:17:16,male,台灣,屏東縣,枋寮鄉,東林路,22號,,,1984/8/16
,1,$2b$10$mgi.Uwdu7ACv9kGdHWqZNeAqvlO3LjUQAdCWUuSeukzho6bCQ1L4u,任靜宜,00-27540305,guiying23@test.com,1,2024-07-27 11:29:53,female,台灣,彰化縣,和美鎮,北明路,9號,,,1979/11/3
,1,$2b$10$myyvVmanES1m/2iigt86COBZSBf0s1p/2GnxOwFsGOzFTolbV2qjK,黃傑克,06-2320425,jinghuang@test.com,1,2024-05-08 05:50:09,male,台灣,彰化縣,鹿港鎮,安福街,16號,,,1988/11/25
,1,$2b$10$kbeY6guVOY49w.t7ruxHh.XPGPS26y8l3GUAPED8MlAyqtPfUjwVK,薛冠廷,03-4834710,yang74@test.com,1,2024-04-22 06:27:42,female,台灣,彰化縣,二林鎮,文明路,20號,,,1998/8/7
,1,$2b$10$uNs8.2wOwLKVcQXu4NyNCOxVgxx8uoxCMrpSGGWbclh79n7V3SQte,曲雅涵,07-54219324,dwei@test.com,1,2024-05-27 02:22:57,female,台灣,雲林縣,斗南鎮,大安路,24號,,,1999/2/12
,1,$2b$10$NidNsErjATGnup.STRbaK.ycU0AbpVtnIJxhwFczq.MfZMQD3SQ.C,彭欣怡,0989666822,jingyao@test.com,1,2024-04-15 10:39:19,male,台灣,宜蘭縣,冬山鄉,大進五路,4號,,,1983/1/12
,1,$2b$10$eD29oCPt3xgusrahHHU4Mut5tsmeqjvtaTNCOqufjb13RmpcmFrt2,楊欣怡,0945861387,isun@test.com,1,2024-03-22 07:47:05,female,台灣,新北市,瑞芳區,籠山路,9號,,,1972/10/8
,1,$2b$10$CayzQs9xKVemEaiHhs.hkehna8cptnmKph0DaW6r4Iz8BV2p3FJ/K,朱俊傑,00-50244973,fanglin@test.com,1,2024-01-08 05:03:55,female,台灣,彰化縣,花壇鄉,花橋街,1號,,,1999/10/15
,1,$2b$10$eWgJQUFedMqxj1pKuoPCp.LCvuP7evPbF0uiqlD4hBrPRPVP08IYu,馮思穎,02-5468418,lei66@test.com,1,2024-04-01 06:59:57,female,台灣,屏東縣,南州鄉,三千路,15號,,,1984/1/11
,1,$2b$10$nYAMA3Wq51I8ly6PYAV4..BpiXXkQK9oL21Wh3UNWPm11o1lU.uDC,張冠霖,04-78769288,qiangliao@test.com,1,2024-07-31 07:10:59,male,台灣,彰化縣,溪州鄉,健中路,24號,,,1974/2/18
,1,$2b$10$CX6/bpxVSut0jucMRTKRou5sW3Flh4q569ScWEqvr3l.a53xPJ4lq,郭佳蓉,0982932527,aren@test.com,1,2024-03-05 01:32:37,female,台灣,桃園市,龍潭區,民治一街,32號,,,1996/9/21
,1,$2b$10$hL3zYearWoLUdm6NDP/PfuNGSKyvKk3/fstj/dEZQq1/wlfaazM0i,余志偉,08-82022482,wenjing@test.com,1,2024-08-12 03:26:35,male,台灣,澎湖縣,馬公市,莒光村,81號,,,1982/7/31
,1,$2b$10$72iAYimJsUcQWt2XgL6TreOMHi.n5WE97Vzn/.LMz2VeWcyuiEm.K,石怡婷,08-7384913,the@test.com,1,2024-07-31 10:14:19,female,台灣,屏東縣,高樹鄉,長美四巷,22-1號,,,2000/8/4
,1,$2b$10$Z8TnyUi/42gn1EWwU60Z8.IcvXGhLBrhQgD74WyP7sbGJ5jAgCTuO,隋雅雯,0919523262,minsong@test.com,1,2024-07-09 01:13:48,female,台灣,桃園市,桃園區,江南十街,7號,,,1978/9/14
,1,$2b$10$HAHRmbvzfscDNRXa297/xe2eCHeIsC3HZo84PrPX2S/cUPknhPWxa,王家瑋,03-7355241,tao29@test.com,1,2024-04-22 07:00:47,male,台灣,宜蘭縣,冬山鄉,中城路,27號,,,1985/6/16
,1,$2b$10$/s1E8SXZQoHYHqAKkrqDhuZ2VniCigl4MllWlpJ6YTHME6ce8ttUu,馬雅涵,07-52416723,jiecheng@test.com,1,2024-06-27 03:39:01,female,台灣,桃園市,龍潭區,富華街,17號,,,1979/12/30
,1,$2b$10$nnjjK/qbpqS4eaxOERKYtuyugAWNS7lLPI9inqiI4Ch8YQo.CJAYO,盧雅文,0951165241,cuijie@test.com,1,2024-02-23 09:55:22,female,台灣,宜蘭縣,員山鄉,惠民路,12號,,,1975/8/24
,1,$2b$10$SUxFXDT4Z6lao/dxHeuW3Oa7S04nvttrsA7x80ojdxCll17P7VznK,鄭淑玲,00-86525408,fanxiulan@test.com,1,2024-08-14 10:43:18,female,台灣,桃園市,八德區,城仔街,2號,,,1987/5/9
,1,$2b$10$LOtUPZ5tBZ9tjcegUz6ODOI4HH5vDeZJKSHENUS3D0uFZhNiQpYdm,溫宜君,09-1100111,tyuan@test.com,1,2024-05-21 06:24:09,male,台灣,桃園市,龜山區,華亞二路,5號,,,1985/4/23
,1,$2b$10$P/TesyJI58IiAFleFqsMMO1DkFcW0E5m3sa/g8kxhcFEKjmCyUQgS,靳淑華,0905659282,maojuan@test.com,1,2024-04-11 08:21:06,female,台灣,雲林縣,斗六市,警民街,27號,,,1997/2/27
,1,$2b$10$HO/Y2pvKCjHt0CFMcIHX9Onj6pccHXL/vQ4C.8lDScnbj6NieqOae,李琬婷,00-8410580,ikang@test.com,1,2024-04-13 09:56:37,male,台灣,新北市,三重區,通華街,14號,,,1997/3/29
,1,$2b$10$Zxkskcm/M03F59/SEGu9Z.r/pT5Dem1l4JzuJxBPNS.1KgAoxc1iS,王佩君,0909489490,yeli@test.com,1,2024-06-11 01:41:49,female,台灣,新竹縣,湖口鄉,仁樂路,13號,,,1993/9/10
,1,$2b$10$xnqnx4qmF.y.k3Iv9rd05.PzjJmqBWDYRbE98obej/TaIEWbNh6WC,王雅雯,0943849894,leipeng@test.com,1,2024-01-05 03:55:52,female,台灣,南投縣,埔里鎮,虎山八街,6號,,,1994/8/6
,1,$2b$10$IsJACWNUC.0F6hTLumgD7OwDqz.qwbC97sJpOc/7K8NuMxs2aG9zK,董怡君,0904398942,xiuyingliu@test.com,1,2024-04-10 02:07:57,male,台灣,高雄市,大寮區,崇恩路,18號,,,1981/1/17
,1,$2b$10$aA6U4nhnkIXIWxum4eGRheWxIByvOJnOSvRP4Awb9awsPPDGr.NtC,李哲瑋,04-33378164,sxue@test.com,1,2024-03-07 03:10:25,female,台灣,屏東縣,枋寮鄉,新開二路,28號,,,1986/6/1
,1,$2b$10$6cp/Kj8ZouX4dyi0X6GL/OSAm8vBAlphiBZuLbIHImaOnNZfOZ45.,左宗翰,0983998325,vcui@test.com,1,2024-02-09 05:40:47,female,台灣,屏東縣,林邊鄉,光前路,26號,,,1985/6/12
,1,$2b$10$T6if/s2bkQi.L5zW89aMbO1n/dx5YKT8d4.X4c.tYpYA.hniK3Qqm,李家銘,05-79249989,yongtao@test.com,1,2024-07-31 03:35:45,female,台灣,桃園市,桃園區,慈光街,35號,,,1995/8/29
,1,$2b$10$MKdL2PmHZRfW3fbNL9ICweBFKQorwK.VlddGfDLOTFV301vdv3hT6,張佩珊,0946659921,jinghan@test.com,1,2024-05-22 06:42:20,male,台灣,彰化縣,員林市,香山三路,4號,,,1972/9/6
,1,$2b$10$ivm1H7/e92mfVjEajQdV1etTVTURqBFYqPublSOBcLXeRreNTdQuS,徐志豪,06-94621247,renli@test.com,1,2024-07-19 12:08:46,female,台灣,高雄市,大寮區,崇恩路,34號,,,1970/10/13
,1,$2b$10$6cbRwEoUEpruM1Wr.aykMenOR4LXdjJOSV1SmcgrSxSJen/ASVmLi,黃筱涵,0925869465,mdong@test.com,1,2024-04-30 01:03:41,male,台灣,彰化縣,彰化市,師大路,29號,,,1974/3/8
,1,$2b$10$CDp9.97MuoPDYjxzBdIH/O9drXbtN/Oq8WqiHbmOMpgdRrzFFmIOG,符雅筑,04-2518429,fangduan@test.com,1,2024-06-13 08:41:49,female,台灣,新竹縣,北埔鄉,伯公坪,22號,,,1976/12/6
,1,$2b$10$vZOWuoeRiorIxbU0X9i8E.eccYCAFI4ymyH37SCkV6DwFqcXOim6m,鄧詩婷,08-7642044,qiang99@test.com,1,2024-05-15 08:28:12,female,台灣,桃園市,龍潭區,竹源街,20號,,,1986/1/6
,1,$2b$10$U5Y8EokltKmODO34BJnSku4cCe9UMT/Y7.UYXGJIhRLokhGYScN5K,楊依婷,05-5224247,yang66@test.com,1,2024-03-24 05:59:21,male,台灣,桃園市,中壢區,珠江街,26號,,,1976/7/23
,1,$2b$10$Yc.YKO0o0QeOf30jmr58veL7A.oS3CqrisWhT2LFTp1ZrOwnjRU9m,申雅涵,09-7889954,dongjing@test.com,1,2024-06-27 04:07:40,female,台灣,台東縣,關山鎮,建國路,8號,,,1997/11/1
,1,$2b$10$gmEL2xZO4DNQGvBVSnX19.OyVI9qJKiRar9ZxfnMObRqGYdsJHJaO,周思穎,03-9667909,jiezheng@test.com,1,2024-03-28 04:14:25,female,台灣,彰化縣,大村鄉,福進路,10號,,,1991/1/20
,1,$2b$10$kPBrAX9O8s4ELBsQSiaki.OBCmDcY76BPVlxfX/aQAvNfsFSUcr.y,曹怡如,0902816466,zengmin@test.com,1,2024-02-02 06:37:51,female,台灣,屏東縣,恆春鎮,曉南路,2號,,,1989/3/8
,1,$2b$10$UMmfKj/T5pvLgppRXtJJHuolIQT.VYUpLpWfX6czyWL3Iek1w9.T.,楊俊宏,07-42502695,ping97@test.com,1,2024-07-15 01:48:42,male,台灣,新竹市,香山區,華北路,30號,,,1986/2/16
,1,$2b$10$2glCiVgj3QGmxyZQGnWXAut3Y.ai4NsSHfSIC5Ybb/k0xdFrVMGxq,宋沖,0957327423,zouxia@test.com,1,2024-01-25 05:54:31,female,台灣,花蓮縣,吉安鄉,宜昌三街,17號,,,1992/5/7
,1,$2b$10$ouAMseA66CXCUSk/DO6u0OrbvMCbDN4BITnNdHEq6Mqp4W89DXJ2G,江怡安,0999902221,ming24@test.com,1,2024-06-13 05:22:44,male,台灣,苗栗縣,竹南鎮,建中街,8號,,,1992/2/8
,1,$2b$10$sq.ZopyIXkfOklUNykbPd.JvwfNtt10FsvgD/5olnyioEBJC09x56,章怡萱,0962912452,wei44@test.com,1,2024-05-01 07:37:11,female,台灣,屏東縣,潮州鎮,介壽路,30號,,,1991/6/1
,1,$2b$10$QnC/ORkhYsqMyXQBgmi8fuy6Tj4rxOvUiP2/0J2c65CmRAcj2Mf9K,鐘馨儀,03-1175740,hxiang@test.com,1,2024-02-20 06:37:56,female,台灣,嘉義市,東區順,興五街,12號,,,1991/4/30
,1,$2b$10$VEB8MTdBut5C3P0WLljRC.mfD0iLmxrO.w8eJbcI0wQp88NTddsiG,謝雅萍,01-89341557,tangjuan@test.com,1,2024-04-11 03:16:18,male,台灣,宜蘭縣,頭城鎮,二城路,27號,,,2000/3/15
,1,$2b$10$4mFcxFmrp1sPqvslsTV5w.CiNfoW.PcpqM4khGSsRL10qSTDmWfOG,鄭佳樺,0926395777,haogang@test.com,1,2024-05-05 06:53:06,female,台灣,高雄市,小港區,達德街,35號,,,1973/12/16
,2,$2b$10$wdA6/hahFRcyVzKvgmL8RuuIcF.OdR0abrlRmmpzWqg.HxHYSnkZO,閻佳穎,08-91902372,fangding@test.com,1,2024-06-03 04:01:35,female,台灣,台北市,士林區,文林路,7號,,,1995/1/13
,2,$2b$10$oqDJyoDEm4NiKkXh8TPRBOhIgXW90Pn4zTBOcvVkpoCnvusOEi0gq,王雅筑,08-6071209,weilu@test.com,1,2024-06-05 03:10:51,female,台灣,嘉義縣,民雄鄉,裕農路,33號,,,1985/6/3
,2,$2b$10$Na1bAMJIyOxZRatM7LhclOr3vA9ibe9DOniCRxleM0B9IuywuXYd6,李宇軒,08-77098741,gongwei@test.com,1,2024-07-21 09:38:47,male,台灣,嘉義市,東區林,森東路,16號,,,1977/6/21
,2,$2b$10$Vn/JmPWsAvRJnMNqXserl.1rNFEjSM5obSUKkgq7HX2bKDKMv2IR2,魏瑋婷,08-12104599,longping@test.com,1,2024-06-01 01:42:35,female,台灣,桃園市,大園區,福德路,1號,,,1971/12/20
,2,$2b$10$XUOkV0FgGF9x2ynie/ri3OnUMTqlZXNAluEsUQiDo9g7QYJMlbyPW,曾淑慧,04-6890273,gang20@test.com,1,2024-03-20 01:58:44,male,台灣,新竹市,香山區,浸樹街,32號,,,1984/2/8
,2,$2b$10$HFO1Mk7aYQR2ah2kSVGs2ugElonAd6mmDdNVhE.fQFqpXxsCyk6cG,周佳慧,0941258154,yongkong@test.com,1,2024-05-07 11:32:38,female,台灣,高雄市,三民區,青年路,7號,,,1995/11/25
,2,$2b$10$1YnCqYn5hCBt.6.SI7t/EOs0EdP0uHMbcazRQEcpyzSG6bw1GnfoC,宋怡安,09-96037717,wuyang@test.com,1,2024-08-01 10:33:00,female,台灣,桃園市,八德區,新興路,31號,,,1972/2/15
,2,$2b$10$jOAQKKPllXSmBDPT.IAz4efSjfM1p98lojlJC2.rZv0a//dUj04ju,段龍,03-56632762,xiamo@test.com,1,2024-03-12 08:09:57,male,台灣,雲林縣,古坑鄉,石橋,4號,,,1984/5/3
,2,$2b$10$e57cgIBz1XHI6vCdHlZume/GJm8w0OuMahWT5K1rzz2JFo1UkMgAq,王冠霖,0967751049,baichao@test.com,1,2024-06-07 05:58:21,female,台灣,新北市,板橋區,滿平街,20號,,,1980/4/23
,2,$2b$10$YeXqaZlbBeQX6sArlPBZLe6WM8p6RvYwFtMjdDg0I.MeAxGQ30OqC,杜雅涵,01-35761675,ghao@test.com,1,2024-03-26 12:50:55,female,台灣,新北市,三重區,仁孝街,29號,,,1974/3/20
,2,$2b$10$ttzUlmcmLbcZz0/o8Juv8eSSJdqAsAFwEdTZUNctfWiY6o2e3zNqq,徐雅萍,04-84446516,wangfang@test.com,1,2024-06-07 02:05:29,female,台灣,花蓮縣,吉安鄉,東海十四街,35號,,,1970/11/24
,2,$2b$10$C.zCb66fsXyC9V3X0FMwGOEbiaCK2eTIotdWstomF0LEwjvBU5Wq6,張佳穎,0982977807,daixiuying@test.com,1,2024-01-17 02:25:23,male,台灣,桃園市,中壢區,青園路,14號,,,1988/11/11
,2,$2b$10$YEyE7cfrLjI3Y0YtlyD0aOXWAVHstIGr09f06vSWm/s31BYQfLEQ2,黃龍,03-51526344,baiwei@test.com,1,2024-06-11 12:08:16,female,台灣,南投縣,南投市,復興路一街,29號,,,1998/5/5
,2,$2b$10$/Qr7Fn1zQiSGQrRvLPGRfeiW9RAHIK8D5EkVGHahGgmWgoM5uF0BK,梁美玲,0965990167,kangli@test.com,1,2024-08-10 06:25:12,male,台灣,高雄市,阿蓮區,忠孝路,10號,,,1984/1/19
,2,$2b$10$4/evbpanqAoIogFEbtVXUODrg0BF.GcERL6DJkpn7sdxGkRvlQdpq,章建宏,08-7666949,tfeng@test.com,1,2024-04-25 06:31:06,female,台灣,屏東縣,竹田鄉,東西十四路,31號,,,1984/10/20
,2,$2b$10$5U1LP1eRilEWLrddKU.2U.zGraxvVliZNrHFAHvWJXQW9zLt4a/D2,張俊賢,09-33509361,yan54@test.com,1,2024-06-25 08:37:47,female,台灣,屏東縣,東港鎮,明德一街,26號,,,1975/3/3
,2,$2b$10$dze1j5MReJl6sH3BImTxkevxqxMWk1UUjFb2aoFQh3Wprh3gqggki,蕭佳樺,04-6539339,mingtan@test.com,1,2024-04-16 09:04:36,male,台灣,高雄市,前鎮區,凱得街,22號,,,1973/10/29
,2,$2b$10$nSXZl4B22He96c7RiE0OuOiIWECA6wDH4.titLalvZVt8m8FiDAAm,杜中山,09-4506831,huangmin@test.com,1,2024-01-26 11:24:57,female,台灣,新北市,萬里區,漁澳,10號,,,2000/9/8
,2,$2b$10$9RvA055C9biAJ9WC1qH2a.yZJKYbO.q2pbWkYwZha.0PzQB45AJk2,李思穎,08-78760559,xiongxiulan@test.com,1,2024-01-24 09:09:04,female,台灣,花蓮縣,光復鄉,中正路,20號,,,1973/7/31
,2,$2b$10$SFiO5UrZU5uwjJPG2MYQmeKNhumNjMQduqv5lVVJhNdmpltkbJiBC,孫家瑜,02-4075050,fujie@test.com,1,2024-03-29 06:18:03,female,台灣,屏東縣,內埔鄉,建華路,17號,,,1994/12/25
,2,$2b$10$6AwksZJVjwecPCkggKFnUOvHXdRYS5WJiiclixhkMVLZ9oBgkTDly,楊怡伶,05-76804017,chao23@test.com,1,2024-01-08 09:54:50,male,台灣,屏東縣,佳冬鄉,佳昌路,1號,,,1982/3/29
,2,$2b$10$RuW2keMHmrnTNwnZgR5ASOieSyfp3r.NQ8uoZUDifpUdQSJVd1m9W,鄧承翰,0904150321,cxiang@test.com,1,2024-08-12 04:49:20,female,台灣,桃園市,觀音區,富源二路,23號,,,1997/11/13
,2,$2b$10$NlxNyCIfixXagWq6M7G8i.OZ9gC85.D418TgZ5amvGu4xLD6bTHPq,劉雅琪,0918863595,haoli@test.com,1,2024-01-28 10:06:57,male,台灣,高雄市,鳳山區,國民街,17號,,,1995/12/26
,2,$2b$10$CtwuyP2dipeq5gdK.vksPuJu.s.NaVw9Gn/Rb44RIxA/61.KcjWym,孫詩婷,09-9669217,caiyang@test.com,1,2024-02-08 05:30:41,female,台灣,新竹市,東區中,央路,30號,,,1971/8/26
,2,$2b$10$rPK3S6FwccWK9OOmdh52KempylZbGmRqvK3xf9Vf0MLGYhWAPRcD2,潘承翰,0995695881,ming11@test.com,1,2024-02-25 07:23:13,female,台灣,嘉義縣,布袋鎮,碧沙街,35號,,,1984/7/31
,2,$2b$10$pPAuhFqEqMR8A0PjMrMfrOPxasTUz9qzhxhF441hI5LYywRRIJBYi,曾哲瑋,0947232163,wyan@test.com,1,2024-05-22 10:04:10,male,台灣,南投縣,埔里鎮,墘溪路,9號,,,1987/8/18
,2,$2b$10$v/oBMUQ2FJ7mwulHvoEtmOOudmwfiuL9cb8WByUlkDRM4yeyiO.x2,滕琬婷,0965748164,jieyi@test.com,1,2024-04-13 07:00:36,female,台灣,高雄市,小港區,復華路,30號,,,1981/7/16
,2,$2b$10$xnUZ5u9.cwby03vREWQuVe1EUXY4Ug6vwcmCG9tBMHeBnNj4NPa/.,陳郁雯,0918876891,qdeng@test.com,1,2024-03-05 08:02:58,female,台灣,桃園市,楊梅區,益新二街,3號,,,1985/9/29
,2,$2b$10$sEsiTwSwnJMv7DuR.W6qJ.uRsRgVy5dqAgZ779IMUft65n7ZUwcxi,張淑華,0975842296,min70@test.com,1,2024-07-26 03:19:42,female,台灣,彰化縣,北斗鎮,中州路,11號,,,1985/10/29
,2,$2b$10$P6iAkZsEFl6GzABQ3ZsmpeGG7mOkMiOQlnvHRdOhXiGpZ.iSxiAPW,梁俊傑,02-1436449,longmin@test.com,1,2024-07-22 11:32:28,male,台灣,高雄市,三民區,民成街,14號,,,1982/8/12
,2,$2b$10$cj6rQHRS6kj2vmjHXSInge1iAP41ebaPWI//7jTt2lap0qKN57Fw2,鄧家銘,06-85570162,juan95@test.com,1,2024-01-02 07:42:39,female,台灣,台東縣,成功鎮,三民路,9號,,,1997/10/17
,2,$2b$10$IgUFEsPmh0460AkpfLDlJuBVJzkmMyTxZ9I8iVtEjjExeNX/AbbRe,劉志豪,00-73250576,tao36@test.com,1,2024-07-12 03:30:23,male,台灣,台東縣,台東市,蘭州街,20號,,,1998/5/21
,2,$2b$10$NLwYrjm7PuuXJpGFHKFHx.8FQOjqzSbIglfNAkBc2TWpb5BKTShqm,孫怡君,09-52506749,wei44@test.com,1,2024-06-19 06:43:04,female,台灣,宜蘭縣,三星鄉,義平路,14號,,,1985/2/8
,2,$2b$10$ubJZgG/b5uiLDs3SDHpU4uZiTUWYDyQpNnuJ39dtZcX4PWM3kEHI6,劉信宏,0997140443,juanmo@test.com,1,2024-05-19 08:50:17,female,台灣,南投縣,名間鄉,彰南路,34號,,,1980/8/23
,2,$2b$10$/n.weqJr3CWx28ljFl6MFuy8SAmA.KsWW439O/rNIpDBcvN8vv95.,李佩珊,00-33840392,xiaoyong@test.com,1,2024-08-10 04:28:48,male,台灣,宜蘭縣,三星鄉,星洲路,26號,,,1975/6/26
,2,$2b$10$3/E2I3q4/oo6Ct1MTgJNwua1Ub7R45cGL8Wg3S1w59KqZHCmJ2dqe,韋龍,07-1292340,ming08@test.com,1,2024-04-30 11:52:56,female,台灣,雲林縣,北港鎮,新民路,2號,,,1997/10/15
,2,$2b$10$vpHBnjE5MX3jpwBN5e1kBeZ6qTsTdQR9.m0PY66GiW9Ea2inFC53W,陳俊賢,01-3524565,qsun@test.com,1,2024-03-01 06:59:56,female,台灣,嘉義市,西區光,彩街,3號,,,1981/6/28
,2,$2b$10$o6NNc.9dzCRLX.r0O.fIHOV.6auZkxfsyPsk0v2IZy8gBmueUqnfG,陳惠雯,04-5712419,liangyan@test.com,1,2024-02-14 01:18:41,female,台灣,桃園市,龜山區,同心二路,17號,,,1997/7/20
,2,$2b$10$4q4IdEcoK8O81xLNofHI0e8UtZ8rEZrMdw4eSduprqF/wMau5.Nhe,黃婉婷,09-82495550,min59@test.com,1,2024-04-13 10:14:02,male,台灣,台北市,北投區,宜山路,27號,,,1993/2/6
,2,$2b$10$uoyuUmZNP9MfFeeMx0rzSeZIzVxwumC/6fVBGStT1UdBPuO82wbuy,馬家瑋,08-69962740,xia56@test.com,1,2024-07-09 10:59:17,female,台灣,屏東縣,潮州鎮,榮吉街,3號,,,1979/7/9
,2,$2b$10$uEAU5HucqKZPAn/AMWB6sOFWF8McAEc0AuF4tD2XxZqzton7ZWjCS,張家瑜,09-63694777,xiajing@test.com,1,2024-06-04 02:07:21,male,台灣,新竹縣,尖石鄉,錦屏,6號,,,1979/12/5
,2,$2b$10$HhC4dzXKbUU/NLrqJODxSusGalFTFHMKrxhijxgNyMfcaqUUzT4Om,牛雅芳,0951222814,xiulanzhao@test.com,1,2024-03-23 08:00:21,female,台灣,彰化縣,鹿港鎮,港后路,23號,,,1988/9/27
,2,$2b$10$o2y9kL.qt9uDgS5n6kgDruEwMLrPqkvlUARz1gvVJz2yehr8JYIVG,李宇軒,03-9683969,ayu@test.com,1,2024-06-13 07:41:02,female,台灣,高雄市,林園區,東林東路,5號,,,1979/6/22
,2,$2b$10$gsVimeNeG6MMWUK3iQoIf.KM0W6RJfg//RP5dF5FK4oFAIviAjnbi,曾淑貞,03-84504666,lgao@test.com,1,2024-06-07 04:30:06,male,台灣,新竹縣,新豐鄉,至善巷,3號,,,1979/12/16
,2,$2b$10$4PNd3mtn/tRhy4QEFYs/KO2cAbdhlOxSsr2dqGeiapLBg7jgIS1wS,張羽,03-69819434,xiulan07@test.com,1,2024-01-17 12:06:46,female,台灣,新竹縣,竹北市,新光街,18號,,,1999/6/13
,2,$2b$10$5AU8GkJiIGn/AZhETlQff.YKw395yZGVtCwbRqVkELZRdISlli/XK,黃中山,05-1244300,xiulan29@test.com,1,2024-01-25 03:35:26,female,台灣,雲林縣,北港鎮,口庄,12號,,,1978/4/22
,2,$2b$10$ImMSj6YLY0Wi.BV8MGLUBOrcBlrcLfuUEN4H//PjBOgEBgVIA7z/2,鄒家豪,0950185698,qwu@test.com,1,2024-05-17 02:19:28,female,台灣,桃園市,中壢區,內厝三路,9號,,,1996/8/24
,2,$2b$10$3wAlWRRS4owGnQzY5f/AYO9NJ2NpcHLzK/W3kP/Wz1Ou8T3P1otwW,鞠信宏,04-16682400,shiyang@test.com,1,2024-05-12 11:53:06,male,台灣,嘉義縣,民雄鄉,民權路,32號,,,1979/8/23
,2,$2b$10$zISduiG5oYKEqVC8mcKfJ.4Sl98NK13TvGQENscVj.fmGlM7IK1e2,楊雅萍,0974248988,yang85@test.com,1,2024-05-25 01:48:42,female,台灣,苗栗縣,後龍鎮,中山街,6號,,,1993/2/17
,2,$2b$10$v4e1XaVsbZ3SQydEzzYBPeUKw3S9IrQQuZOokYwrlUuFgCd70Mn..,蔣思穎,0957203270,sfu@test.com,1,2024-04-29 02:23:51,male,台灣,屏東縣,高樹鄉,蕉場路,12號,,,1996/4/18
,2,$2b$10$vu0/eW9JR505.FIGMiEGZuS6NdhvrHpXqedY4hemSEfofT9nFtVNm,陳信宏,03-2514712,zyin@test.com,1,2024-02-26 07:09:01,female,台灣,雲林縣,土庫鎮,文興街,29號,,,1970/4/13
,2,$2b$10$Ptati7GkXj75.PYcOltQi.lARk2.aQqvUIUKobJkI58Bf1q/XDKSG,朱傑克,06-3557196,flai@test.com,1,2024-02-14 11:32:31,female,台灣,屏東縣,新園鄉,港庄路,23號,,,1986/6/20
,2,$2b$10$mMpE/bui2DYI7ZqfN71/wO.8tFa9XGL8i9vRlcnRGTlITELvZ4Z0G,田鈺婷,09-96866074,liaoxia@test.com,1,2024-07-31 12:33:01,male,台灣,嘉義市,西區重,慶二街,27號,,,1997/8/5
,2,$2b$10$nU78fkb3QU5UW/egQvA5JuV3c8X3TWEMhCvVkbgIsS8u9bozomwiS,王宜君,07-50624878,junlu@test.com,1,2024-06-01 01:08:28,female,台灣,苗栗縣,苗栗市,正發路,5號,,,1990/2/8
,2,$2b$10$HkUHJbR92L7Jf3NuKPP2bOKbcqa5sfE111YWwmg7u1xC.lsdFDqay,吳惠婷,02-52157931,jie57@test.com,1,2024-03-18 08:03:47,female,台灣,新北市,鶯歌區,國光街,20號,,,1986/1/5
,2,$2b$10$z8WZxPISqh9PVIc3JibgjOnBlyBLD8az70DoFs8LR.NMUMTt.QDEK,周佳樺,08-4585588,tdeng@test.com,1,2024-04-29 01:36:55,female,台灣,高雄市,鳳山區,華興街,7號,,,1982/12/2
,2,$2b$10$EeGt/m40odsP9Ol1ZF6xGeKt9/EsT1nVYq8/39Uu3cUmPrKYAZSKG,吳雅萍,05-4202219,gqin@test.com,1,2024-07-08 05:27:16,male,台灣,高雄市,仁武區,澄新六街,35號,,,1971/10/13
,2,$2b$10$d1fA7rkoWCjyeBrH4QqMauBzKT1Xt02ma3Hnu1hH988ZP9NYHr8uu,李建宏,0921948835,dongming@test.com,1,2024-07-16 08:23:41,female,台灣,桃園市,觀音區,八德四街,30號,,,1989/1/30
,2,$2b$10$wMG2eVd26dNTWKVgJztlYuv3gJ./4rRlCfja1.xpqvxyr.xUW1jbq,丁冠霖,03-2213459,ming25@test.com,1,2024-03-30 12:44:08,male,台灣,新北市,林口區,吉祥路,5號,,,1984/12/5
,2,$2b$10$11qk1l9tqt/7sedmGSi..e9SvSgXZkeDqHiHQCUfIDYLFw2tl8ihy,王淑華,06-1947970,yanjia@test.com,1,2024-08-05 10:08:23,female,台灣,花蓮縣,吉安鄉,永吉路,14號,,,1971/2/5
,2,$2b$10$7kk7IFKlSXsVZjh7WQFNeuAhq9ko4dFNgqHa1Hhw5EkVcQ5wzpfey,李郁雯,02-66735436,yanmin@test.com,1,2024-06-02 04:28:35,female,台灣,嘉義縣,大林鎮,育英街,1號,,,1977/11/6
,2,$2b$10$3tBCJD0NzcVW7PGjrcj/7u64hM3UiGqGpq1WeqTLkpfDC2zehTpS2,黃詩婷,09-30580310,fangming@test.com,1,2024-06-04 05:38:29,male,台灣,新北市,泰山區,中華街,9號,,,1996/12/4
,2,$2b$10$Lg8bhfAuNxjXRltL9BnzjOD528tCnYWHx1OakN.LrVsgZZ8rwQ/AK,張詩婷,05-84529624,dzou@test.com,1,2024-04-28 09:06:54,female,台灣,屏東縣,萬丹鄉,泉利街,16號,,,1983/3/23
,2,$2b$10$a7fnrTvUrG/MFbFnXnK4iuxHd6F39xIpEleSHnG1r8JziybbEHsjC,李俊宏,06-99456581,yangzhu@test.com,1,2024-02-06 12:06:05,female,台灣,高雄市,楠梓區,高峰街,24號,,,1996/9/24
,2,$2b$10$eiWoieAwyP2/iJ40RR1Xzez/fjXPiummWDxQV9TXd8ZaNFgdk2y0m,覃淑慧,0975893926,pinghan@test.com,1,2024-07-25 08:46:35,female,台灣,新北市,林口區,文林五街,13號,,,1981/8/16
,2,$2b$10$EEmTuwjwZWKXqOD6CRXYw.YP7oh1Rp/IMeCM/9oxuGPtrfV3kZbn.,白宜君,09-94993554,duanfang@test.com,1,2024-03-01 02:57:52,male,台灣,基隆市,中正區,正義路,13號,,,1999/10/5
,2,$2b$10$Ut4XOQ6BuiTFiq6Xk4/CCuFE9SbjbwZmju7Dy25MdKQRSNotc9pG.,惠思穎,03-1683343,xiulanhao@test.com,1,2024-05-24 01:57:26,female,台灣,彰化縣,埔鹽鄉,天盛一路,14號,,,1975/6/19
,2,$2b$10$CZbioeUVgwchFq324Chykeruv4lRJKs5OrDkEJuDriUDDC6Vg0KTa,李佳蓉,00-4411804,vdai@test.com,1,2024-01-02 11:18:36,male,台灣,新北市,中和區,新生街,17號,,,1988/1/10
,2,$2b$10$/dMsESn71hKxGDeUAz.l7utoweVdK./0Ank/iIH3KVyI6S9qZ3yfS,陳志偉,02-6837495,junlei@test.com,1,2024-01-05 09:22:53,female,台灣,宜蘭縣,五結鄉,學進二路,26號,,,2000/10/17
,2,$2b$10$P1gaqH8KYoSx1UsslZten.PzW/DlcvXIIzshbArSLZ6Ln5MrKaNny,羅詩涵,02-30321600,slei@test.com,1,2024-08-14 12:55:16,female,台灣,苗栗縣,頭份市,長泰街,35號,,,1977/6/7
,2,$2b$10$4UMpGI9wlAWQkGBPii/GmeIUZNIdxPTSnZX8AL.XTeydrkioOoCuO,王佳玲,0950370786,yichao@test.com,1,2024-05-09 05:29:47,male,台灣,彰化縣,溪湖鎮,大同十九街,34號,,,1990/6/27
,2,$2b$10$x2aBJML7rlmVOBs5OW60Te8GUgfttvupMpAvbsO.rZVeoKwFJLI6O,黃志偉,0979825650,xdu@test.com,1,2024-03-26 08:27:56,female,台灣,新竹縣,新豐鄉,信義街,21號,,,1971/11/10
,2,$2b$10$I0wh2px4Q3jxXpT.ttG.XOo/9scblNq7543RIZl6OjpF2qaL2tBpu,耿佳蓉,0918765557,ming41@test.com,1,2024-03-12 08:25:40,female,台灣,彰化縣,溪州鄉,溪林路,7號,,,1994/5/12
,2,$2b$10$Os4wwgoTiKZt1eEP1LajMeNRutaLP8sjSZyvD4O1gqzYxcO7xC5kO,賈羽,08-4741218,qiang76@test.com,1,2024-08-12 06:34:08,female,台灣,彰化縣,員林市,惠明街,21號,,,2000/2/17
,2,$2b$10$NgQIdoi72A4.WmlQKWQfCeR9DYFJToGGYA/U/npf3bk83Atkog.QW,王雅慧,0935446720,jkang@test.com,1,2024-03-18 03:44:51,male,台灣,宜蘭縣,三星鄉,雙和二路,9號,,,1991/1/8
,2,$2b$10$L0idnXBPv.TUIkyOkMyACeoLbkML0972Mq6YeDLyIawbd/WXfSi1e,邢心怡,00-1006133,leigang@test.com,1,2024-06-06 02:48:29,female,台灣,嘉義縣,布袋鎮,大寮,16號,,,2000/10/9
,2,$2b$10$9JI0THqWyNs9MQng2Gl96ezr3.MhkSRMbMpoyfffUaz0XALtS6HPW,張宜庭,0900916534,jinjuan@test.com,1,2024-04-03 10:34:20,male,台灣,雲林縣,斗六市,仁義路,19號,,,1975/4/21
,2,$2b$10$EKYzzomGlZK.RICcuARCj.47xh4lbsdnlScVaYHMQNTec8VRBQQli,邢惠如,0961610590,xiuyingye@test.com,1,2024-08-03 06:51:09,female,台灣,新北市,新店區,僑愛三路,2號,,,1986/3/26
,2,$2b$10$qDUk0up.nQpt7uKYLOZPQOHD2QqLbHEfzD0zn4kuZQUGuxxdkh24.,高詩婷,0978282999,qiangwei@test.com,1,2024-01-21 05:58:31,female,台灣,花蓮縣,花蓮市,忠義二街,22號,,,1976/6/8
,2,$2b$10$Tvtu6nXHRzhqD7ZvYAcTGOuOGLWTNTmkKM7zkWUU1k8FwSPdvybUm,劉美玲,06-75094687,maxiulan@test.com,1,2024-06-02 02:57:52,male,台灣,台北市,士林區,華岡路,31號,,,1999/12/3
,2,$2b$10$0c27ugYFRFXQfL6c6ex/QuQFFQynXcVnLLyQ6ULioEIYTob1GSFpq,蘇冠霖,0916874884,jiesong@test.com,1,2024-04-21 02:42:22,female,台灣,新北市,瑞芳區,南雅路,1號,,,1999/6/5
,2,$2b$10$ru6P6LkiQAp47.71oCGcv.nRntUuFz0nPy61ON5CmP24Z/pQ5uK8S,陳宗翰,0903605225,caoxiulan@test.com,1,2024-03-13 06:44:41,female,台灣,屏東縣,滿州鄉,南興路,23號,,,1971/1/1
,2,$2b$10$Su9IWFGd0Tqvbq3tf9A/cuOkeF1wdxP3A4E9LbSLK4PITHGn9ziHO,周佩君,09-5487268,kyang@test.com,1,2024-03-22 07:25:10,female,台灣,宜蘭縣,礁溪鄉,義興街,21號,,,1972/9/22
,2,$2b$10$2F8UChMJuLcsjl988qtzxuuR7H01V8sKPGIOn4JG3.Lw8pn.sIrFO,黃信宏,07-18657791,jun64@test.com,1,2024-05-05 10:10:51,male,台灣,新北市,板橋區,觀光街,1號,,,1996/4/23
,2,$2b$10$zrI3Se1kXRzzhMUX02tYq.vKPeGhode0F2I0YOT0zOioxYCA5fZm2,盧瑋婷,06-67115464,yongzou@test.com,1,2024-05-15 11:59:21,female,台灣,高雄市,三民區,瀋陽街,32號,,,1975/6/6
,2,$2b$10$wFPr4dWIwyJjS7iGg0hSieGsxMzl6Ve0iXb7il/x5v7kjVrp7QfJq,方美琪,07-4821324,bshen@test.com,1,2024-04-11 11:55:58,male,台灣,嘉義縣,太保市,春珠,32號,,,1983/10/23
,2,$2b$10$xFrUzrc1zNL/bf0IxTnwkOIvfeT0eOUbvopvATT0RD2Ty/aXfhSja,賀懿,03-2982473,qianming@test.com,1,2024-05-16 12:02:03,female,台灣,雲林縣,西螺鎮,經崙,20號,,,1992/11/4
,2,$2b$10$aQFE/YHYJQIVZUht3/vXpuG5xMZep9TULuCOkNI9469CDPyZn5XUG,李家瑋,05-31156511,mingxu@test.com,1,2024-02-10 04:12:03,female,台灣,新北市,新莊區,昌德街,9號,,,1985/8/20
,2,$2b$10$NqeA6us7Xw1i9ihklQEaKOhQ1hO8ij6vct.fInQPP5lfWBRHFMKNS,趙雅涵,0950303341,yang81@test.com,1,2024-03-11 12:47:28,male,台灣,屏東縣,鹽埔鄉,新平路,10號,,,1972/1/16
,2,$2b$10$FauH61LERTFVF/n/GJS26ed2NfYf3oQikuIjqjkGtrrQybwlD/cb2,馬淑慧,00-5477282,xia70@test.com,1,2024-03-12 05:01:55,female,台灣,彰化縣,員林市,大仁街,26號,,,1992/6/4
,2,$2b$10$5c.r.gxuakLM5iFTundm8uncsdf.gpPZilpr.QHVxx8wp1cQsy9NO,王宜君,08-1825711,zzeng@test.com,1,2024-05-12 01:23:20,female,台灣,彰化縣,社頭鄉,和平二路,8號,,,1973/12/4
,2,$2b$10$B0MJxpiJUOXsasZdftUVt..ach3J1f0GayrFSMFHhOTzF/Fn4GPKK,李淑慧,0962312923,fwen@test.com,1,2024-03-09 12:06:58,female,台灣,桃園市,新屋區,永祥路,24號,,,1993/4/3
,2,$2b$10$TMNu6O3Fm3VbgmFtqNOcvOd9S7MvIilq1nZfqVqhFjVAGdE6.N1iG,朱沖,0936355949,xia32@test.com,1,2024-04-19 10:13:04,male,台灣,屏東縣,內埔鄉,中原巷,14號,,,1984/9/22
,2,$2b$10$kff.huoc0tplLMmC9gr4SeC95AUg63TtCNPAJQ3/vYjfWQ3JB45E.,姜志宏,07-85497691,osu@test.com,1,2024-04-11 01:48:38,female,台灣,屏東縣,潮州鎮,育才路,35號,,,1979/3/1
,2,$2b$10$mfVugIlQLqTndHNONb7P3.jurW6SbaVGHxc8AF2hymF86EGRIvLaC,王雅筑,07-88943136,qiang48@test.com,1,2024-05-06 11:20:47,male,台灣,新北市,土城區,中山路,5號,,,1982/8/19
,2,$2b$10$xQxh.Z9o1R3SkNMcQVOC4ekZfH8Q./LwRR.obu6NSp39efy8zS8S6,曹冠霖,0950167713,lijun@test.com,1,2024-07-17 07:43:55,female,台灣,澎湖縣,馬公市,惠安一路,13號,,,1983/2/11
,2,$2b$10$k4DU4COMbDL5cTCam07ti.rDfUq.eM6uuREFv1zKLSvoX38QB.inS,蔣宇軒,00-64272244,yong79@test.com,1,2024-01-10 12:23:15,female,台灣,桃園市,新屋區,高鐵南路,1號,,,1981/1/1
,2,$2b$10$SqUiMhOAYw6EBNMDNWqgGeRKA4lANT4n1edAtGtkVhfuRRzTkng9a,吳惠雯,05-1393098,shenchao@test.com,1,2024-08-09 11:01:13,male,台灣,高雄市,鳥松區,應安路,28號,,,1987/9/23
,2,$2b$10$GimlTq2flsMr.ncmLNQ.fuDCoF/w8IE7rF2reZded2QMGE6ulvOYu,黎淑玲,06-7208080,guiying04@test.com,1,2024-05-28 06:43:23,female,台灣,金門縣,金湖鎮,中山路,26號,,,1982/11/20
,2,$2b$10$g4Abm42LyqCuvxRi9vVue.MleoD2.jatwX6kpGOXZsiFTBQCy6M9.,韓庭瑋,07-9264231,rjiang@test.com,1,2024-02-05 01:17:54,female,台灣,桃園市,中壢區,領航北路,23號,,,1974/10/13
,2,$2b$10$yfagau8V3Ely9mLYlCZS2.6jnYN1fTu81vOm06EsJqdadia8x4Dg2,李怡婷,09-6074359,gqin@test.com,1,2024-04-21 11:54:14,female,台灣,新北市,樹林區,東大街,34號,,,1990/10/20
,2,$2b$10$tyMSgggaC46MLbQUHnvXqeFdds.NspdkEYstMbQxQ6WFp5JeXA2pu,姜慧君,0970519727,lei02@test.com,1,2024-05-18 11:36:35,male,台灣,雲林縣,北港鎮,中正路,5號,,,1983/1/14
,2,$2b$10$v9EY3v5jbOt2IJqlHVJjAOSmhTv2d3s5Rkz/SQfvJyUyTeBEis8ny,楊傑克,09-17268969,xiuyinglei@test.com,1,2024-06-16 07:17:13,female,台灣,新北市,三重區,信賢街,3號,,,1994/9/30
,2,$2b$10$COs27/a0P0Q5Gcz.qWqtouP6Rc9OMYmgB0CxRBJNRhFkyxC8qgum6,劉美玲,04-8106479,qianglin@test.com,1,2024-04-30 03:52:53,male,台灣,高雄市,小港區,桂園路,16號,,,1975/3/31
,2,$2b$10$1pic8F/Ov.Mf0Trxu94d2eWuSyImzGsw.1Rj0bEsRWAXGseLeFyvq,田淑惠,08-6328724,ganggao@test.com,1,2024-03-06 04:51:32,female,台灣,新北市,三峽區,大德路,9號,,,1983/6/1
,1,$2b$10$oOM9w7GRE.ZsEnzvlt/ENeOrixoHoJdKq5bFyv1fYiqy9vVPfmgYa,孔筱涵,08-4052833,jiedai@test.com,1,2024-02-25 09:31:47,female,台灣,桃園市,桃園區,三和街,3號,,,1971/7/21
,1,$2b$10$CUmetW5yb5UVg0xhScu/jewxndD9cZMPRbD0wdpGLVqIbB4shp5vG,饒怡伶,00-47787598,weimao@test.com,1,2024-06-19 02:53:50,male,台灣,雲林縣,土庫鎮,復興路,33號,,,1989/11/17
,1,$2b$10$ZkaMJmqyjOetsae6dQniQuBaZXhhdzlyt8Gn9g8VKcNXDEQVNF7se,盧佳樺,00-52383394,yxiong@test.com,1,2024-01-29 04:32:41,female,台灣,桃園市,中壢區,永明街,18號,,,1970/8/30
,1,$2b$10$kXe/pEhG0qtyGDlDExFh0.kqQCpTJDUStAtTPaiLtddL4NhH92nme,董冠廷,0941488483,wei96@test.com,1,2024-02-25 12:38:39,female,台灣,彰化縣,芳苑鄉,成功東路,8號,,,1996/9/30
,1,$2b$10$7L3Dkx2m7XX5Ofr8bv25tOQtnmh2k/EFXGKdDE61qbIhJOnqVflw6,崔志偉,00-4100475,nalong@test.com,1,2024-05-08 01:36:28,female,台灣,雲林縣,口湖鄉,台興路,11號,,,1990/4/4
,1,$2b$10$d/BwZmWng0cSJMBl/.AH5uUx5zj7X6YWBRCZLbxn32bhLp1rPb.sG,湯羽,07-3019815,dongtao@test.com,1,2024-01-16 09:42:06,male,台灣,新竹縣,竹北市,三民路,10號,,,1979/2/21
,1,$2b$10$xJzd2vIXzx4Ve/bE96eXiu9cbh7fKyJCkxiEpOkm93tG6kwBO61H2,祝彥廷,0938157778,guojuan@test.com,1,2024-06-25 01:34:01,female,台灣,宜蘭縣,蘇澳鎮,志成路,32號,,,1990/11/26
,1,$2b$10$Fz6MyXZaaZM1EV05fgpqcu1O16OX1DUQuNu9WryaI6Uubb46x3FzS,龍郁雯,03-1108016,linqiang@test.com,1,2024-04-15 08:38:48,male,台灣,宜蘭縣,三星鄉,大義三路,27號,,,1977/5/23
,1,$2b$10$8TSbxXuNWi8EiFdmEDoVQu0e7jklJIq0Vd1wvUGFjnPVjXVbxSfK.,董佳慧,0938564576,huangyang@test.com,1,2024-02-01 06:52:21,female,台灣,彰化縣,員林市,光明南街,29號,,,1985/11/5
,1,$2b$10$XoDzmW.PfTp3U1vOZEq4su9apEavTh/dDD38RIVWxdzFUxEoXYM1O,朱懿,0975445040,nfan@test.com,1,2024-05-29 06:48:17,female,台灣,屏東縣,內埔鄉,民善路,13號,,,1987/5/6
,1,$2b$10$w68vqI0G8HmoYMgK7cek..DfecZqe5uWYfvqT6tLzxD861wCA9DcG,龍飛,06-5751479,jun50@test.com,1,2024-07-02 05:17:15,male,台灣,新北市,鶯歌區,明圓街,七棟14號,,,1993/7/7
,1,$2b$10$KQ.jwblslqPrbqRrrtSYXujNBf0WhXbg6omsKo7jqpf9t3lGacW6O,章志偉,03-7870869,wenjie@test.com,1,2024-02-10 03:24:13,female,台灣,桃園市,龍潭區,向陽一街,6號,,,1988/10/17
,1,$2b$10$NoqLdah4WH19Jr6eNctx.uZcHVo5nQxNbjJHAWEl07eMqJU.bgVfi,盧龍,0958767915,pingcheng@test.com,1,2024-01-02 06:16:47,female,台灣,新北市,土城區,裕民路,31號,,,2000/7/16
,1,$2b$10$nbQIBxEhJPn.gISkDo5Cq.ZIxFV/SkCzgTVoUek2dYeC22aPr/RIC,劉家瑜,0945234857,dengjuan@test.com,1,2024-03-10 10:59:10,female,台灣,苗栗縣,公館鄉,信義街,14號,,,1985/12/7
,1,$2b$10$egsH.bE.eFRK/kA9DB3fhei0ym6GuBjWihfDdPWPzIUkcCc01f8Im,劉佳慧,0966079411,juan05@test.com,1,2024-02-29 01:06:27,male,台灣,桃園市,桃園區,民光路,32號,,,1974/6/26
,1,$2b$10$27UnfGcaIJ89xVjZelkugucVzpNnGdZIKZCnLkDrycHLk7vDzilsi,項欣怡,0906122537,jun87@test.com,1,2024-04-16 04:21:32,female,台灣,嘉義縣,朴子市,仁和二路,21號,,,1982/6/9
,1,$2b$10$ccQQAwf1UhxWpwrISEg1sONQdk.aoRn2apYsrdx3j1zi.4dpe2nVG,`name`,`phone`,`email`,`valid`,`created_at`,male,台灣,高雄市,小港區,孔宅十街,3號,,,2000/6/28
,1,$2b$10$3/KBBxB9Aa0jdZgnp8UfVut3G0DgR0y/..pVa18vQEbste8gA/D.S,竇淑玲,03-31564867,xiulanliu@test.com,1,2024-06-20 03:38:41,female,台灣,高雄市,鳥松區,奉化街,3號,,,1971/7/3
,1,$2b$10$IUjQ/s8Xr.ZSuHK.22Z4EuQwld2k115d9o2d1Mngv4Kf8RXJ/IN3u,盧怡萱,0936652310,hxie@test.com,1,2024-03-13 04:56:16,female,台灣,桃園市,觀音區,大潭三路,16號,,,1976/3/19
,1,$2b$10$AHbi9MoIC3HA7IBWOYOw0OwzYziOu6scpD8ehJ88LGCnEU65338IO,葉羽,02-59040067,liuxia@test.com,1,2024-06-12 10:32:06,male,台灣,台北市,文山區,政大二街,24號,,,2000/4/8
,1,$2b$10$m6iST9w0MDh0FTXC5a1TK.pjkVvamnRpUfZlJs22CSV4HBpzCn/Pm,孫建宏,07-1635797,yong24@test.com,1,2024-04-16 12:27:53,female,台灣,新竹縣,竹北市,嘉豐七街,32號,,,1970/10/27
,1,$2b$10$VE1qzagOb/LMtjyFIC6.Fem50Tg2.BowDYkivThTnglcH0xjCUka6,楊雅涵,04-49139253,xiawan@test.com,1,2024-04-15 04:27:29,female,台灣,屏東縣,內埔鄉,環山路,25號,,,1988/7/20
,1,$2b$10$EZ6AS20q0GdZwW2QPNBNvuJCYT.OwKNNvdCpwl3QnGBQSlzQswUEm,張飛,07-88352156,chaozhou@test.com,1,2024-01-17 07:13:08,female,台灣,雲林縣,斗六市,安定路,6號,,,1977/1/26
,1,$2b$10$1x33rGxAqs.ilsOqpWpvz.3UFZXnAUqwL3IhaGAJtlQLWmu1cZ2fK,王鈺婷,02-5915536,minxu@test.com,1,2024-03-02 09:56:26,male,台灣,桃園市,桃園區,國際一路,10號,,,1975/12/22
,1,$2b$10$gIBQLbzlEIvw7tBzkItUZ.qnK5MUDmK4Ycj3Y60EmfDvw/nDScYqC,周俊賢,04-38226958,liwei@test.com,1,2024-05-02 09:30:47,female,台灣,屏東縣,屏東市,廣興,9號,,,1970/1/18
,1,$2b$10$Fk2htMn5/TiAJHC3jl7hVe.dcsisq8q1Sy/S0DZgGBChUl76RQKLe,劉靜宜,0983842988,fengqiang@test.com,1,2024-05-04 03:25:17,male,台灣,屏東縣,枋寮鄉,新開五路,16號,,,1990/8/23
,1,$2b$10$OSGr1c0OY9pBmUVUwUsTROP/FBLD8b34Wg0r.cBklXK/6i87w2G/y,趙靜宜,01-1678158,qiangpan@test.com,1,2024-05-01 08:00:08,female,台灣,高雄市,三民區,中華橫巷,18號,,,1989/1/15
,1,$2b$10$x3DeuazVbxHHQXb8BIm6Z.gzBJWkhI4bwd8rQSqEvZJdlkCHmsOi.,馬柏翰,00-98873464,chaowan@test.com,1,2024-05-15 12:26:29,female,台灣,南投縣,竹山鎮,大榮街,22號,,,1985/10/4
,1,$2b$10$L9E1X.T2L0IL7odCzbMUoeFsCQRbphwUqhwQMaS80oHJKosxJrUsS,顧馨儀,05-29421031,dingna@test.com,1,2024-02-24 04:57:16,male,台灣,宜蘭縣,羅東鎮,中正路,6號,,,1971/12/15
,1,$2b$10$NlqF333xaxHqvoBNFRChjeUwU250puR3A.VS4THoMR66gBOCVkq5K,展怡君,04-6234180,kangwei@test.com,1,2024-03-21 11:29:06,female,台灣,新竹縣,新埔鎮,福祿六街,30號,,,1984/5/16
,1,$2b$10$V26jtAhKv3U0qjrYR3.SY.d4jvy1m3RzRsV6vXzMxiJrnF157pZiO,錢宜君,01-4916625,jie10@test.com,1,2024-08-02 02:09:34,female,台灣,新竹縣,竹北市,光明十三街,15號,,,1975/3/12
,1,$2b$10$SIsbIvYuWm9YkPN6/CNx9OQvO11yNUfSa6hEkX2XS1LyvAiO3IKyK,李琬婷,00-81536389,weidai@test.com,1,2024-05-25 10:53:34,female,台灣,桃園市,桃園區,國強十街,28號,,,1984/4/4
,1,$2b$10$ZxFYTmV1zK4e074CnkyVZeghBXDRpppAJE2qL0JzmfBScLLohU2I2,王雅涵,08-9212328,chengna@test.com,1,2024-05-04 01:37:42,male,台灣,高雄市,大寮區,利民街,7號,,,1997/10/18
,1,$2b$10$qIKVsNnupoeILefcbEL0ue0D6K5uSScSDhpbzheNIDnHnvXIcz5Da,江淑惠,07-2890908,baiqiang@test.com,1,2024-01-17 07:52:08,female,台灣,高雄市,岡山區,康樂路,7號,,,1982/12/15
,1,$2b$10$YxcAi4/2qmFPoAMDTvaoduxiuAxNJBrqTMZJYNO3NAOpxL7GE90mW,程柏翰,0987081741,nqian@test.com,1,2024-02-15 04:46:40,male,台灣,花蓮縣,鳳林鎮,水源路,9號,,,2000/1/2
,1,$2b$10$8.Kb8JmEXcmWsCY03gWF8exFGPqY2VEvV02V3SYkA1SqECtjREgXC,張郁雯,04-98074392,ping56@test.com,1,2024-05-14 01:30:18,female,台灣,新竹縣,湖口鄉,民和街,7號,,,1971/1/14
,1,$2b$10$yviHhhgqqZOJa182rFQ/Hu4FbJRhSWOmNMEP5IpedR/QruM9zk.O6,彭宗翰,0954828873,yong07@test.com,1,2024-06-10 03:42:07,female,台灣,彰化縣,田尾鄉,田美路,27號,,,1993/4/28
,1,$2b$10$YMucIZeNrNQlSxvUhZb.n..aqpq2xMhTwyjdUAvF/EcJxNpQB.WKm,梁宇軒,0941179644,iren@test.com,1,2024-05-24 05:36:06,male,台灣,屏東縣,高樹鄉,美村路,27號,,,1980/3/4
,1,$2b$10$RyyS0CCUfAukHh6EX4z6Ke4osseuOyFwJDrzSYJ4DNa7iycMKhEla,何家銘,07-4734855,wzhou@test.com,1,2024-05-14 10:15:46,female,台灣,新竹市,香山區,頂埔路,2號,,,1994/12/22
,1,$2b$10$6QTazfPGcH53i16iOPM78ezdw.vFkf8Kjv0w4z9twIxb1pnSzCL6y,王宜庭,03-7213159,xuexiuying@test.com,1,2024-03-22 12:44:28,female,台灣,花蓮縣,新城鄉,華富街,11號,,,1975/9/7
,1,$2b$10$3cFYJLNWwZW234nwBM/weeW452NxBrcCsOWOJOqDEwoFkrCqW4DjK,曾哲瑋,04-86581596,yongyu@test.com,1,2024-07-03 04:05:59,female,台灣,嘉義市,東區軍,輝路,32號,,,1977/1/1
,1,$2b$10$M1pa91faokgzoTbkCiOfw.0Af8BvLVbl/5y5uVf45Do7pYRJp67Ju,李詩涵,07-56319713,daiguiying@test.com,1,2024-04-27 11:22:04,male,台灣,彰化縣,彰化市,龍涎北路,19號,,,1991/8/4
,1,$2b$10$TyESZRwu4VIQQuOv9IZN..j37hrBfza71yEgVklfHa.LzDd2Pba0C,路家瑋,06-61778527,ssun@test.com,1,2024-05-17 12:26:19,female,台灣,彰化縣,員林市,福林街,11號,,,1999/6/13
,1,$2b$10$UupnUCDrEJaKYSfP3jaileerk7gNl83kRF.Dwm3kXDV3TXyiSUQU2,江郁婷,0970733618,jing60@test.com,1,2024-07-03 03:32:15,male,台灣,南投縣,南投市,信義街,4號,,,1991/2/24
,1,$2b$10$xeZRVq3NFnyGfHcBC8FklOloHMActkERBn0IL3YacCguPJafTNuPm,李宗翰,0998182231,jing55@test.com,1,2024-03-11 12:26:04,female,台灣,台北市,信義區,信義路,35號,,,1993/9/16
,1,$2b$10$w1aYRfBOtAEFLqvxzlJSqOWxRFw37Wb/gLMWN3Et6v.e9YBbWKf/W,任詩涵,06-64849917,pengyong@test.com,1,2024-05-04 11:03:02,female,台灣,桃園市,龜山區,幸福十三街,28號,,,1973/6/1
,1,$2b$10$S4y2SgDjwB7eAOU2jw5fR.Ic0HYC0C9gFBBZ723gt28r/GI.Yu7h6,林龍,03-79980919,jingfeng@test.com,1,2024-02-02 08:11:33,male,台灣,新北市,蘆洲區,環堤大道,9號,,,1987/3/7
,1,$2b$10$XfqAY30.drJa.FygjJHTIOA88wpcV/bVUQcnTHeu4xRoDKvRxKzMa,王彥廷,0946403315,nfeng@test.com,1,2024-06-09 04:49:27,female,台灣,宜蘭縣,三星鄉,堤防路,33號,,,1987/2/26
,1,$2b$10$BqZXVjx34zagftPRqGisf.NdXpES/j2z68knfehh/m0XBhXHJhcBq,董郁婷,0947828613,xia50@test.com,1,2024-04-28 11:17:10,female,台灣,新北市,瑞芳區,五號路,12號,,,1978/3/1
,1,$2b$10$XgL3Zv5xdamscYaAJudCYe6Kf1LxbWOoX5xD9Jn7tvE3Qktto9M.y,張惠雯,02-3127059,sxiao@test.com,1,2024-02-14 02:20:41,female,台灣,台北市,北投區,奉賢路,35號,,,1988/5/25
,1,$2b$10$m4tB7uMgx/snjujxzXgUcOnFr9nwOX5IGjXXQ/s6wIBg408H4B1f6,都雅雯,06-5103121,epeng@test.com,1,2024-03-23 01:10:33,male,台灣,桃園市,中壢區,內定三街,6號,,,1984/10/29
,1,$2b$10$0.6OByyiOJhf79Fm.XTO..5k2lb4DaFHSOzHealGs9Jw6N9Mxi9GK,張佩君,04-4703912,caiqiang@test.com,1,2024-02-10 09:30:02,female,台灣,宜蘭縣,三星鄉,行健一路,11號,,,1987/9/26
,1,$2b$10$gNp1jlbgVK/YtzQe0J5yPOH3ubcrXY6HHTIfLZEYj.KTKpRopanBS,胡惠雯,01-7460313,qhe@test.com,1,2024-01-31 08:26:14,male,台灣,彰化縣,鹿港鎮,埔頭街,13號,,,1998/7/4
,1,$2b$10$EWeF/R/rAuzpP254yFx7n.wQUryfgUDF03iM6M5mAcluOZ6or3d6m,王筱涵,05-17091135,lshi@test.com,1,2024-08-04 07:06:08,female,台灣,屏東縣,屏東市,廸化二街,17號,,,1986/3/14
,1,$2b$10$hCa3LhONH67ArGysRay4YeI0YcUelA6PqQPtxY2mreI9QUoJbaqp2,郭信宏,02-40177892,jingfeng@test.com,1,2024-04-14 10:50:32,female,台灣,嘉義市,西區大,忠街,23號,,,1991/5/19
,1,$2b$10$GtBlPdK.76Et9buctjU8WOt8k6ryakVLuzZy5X1th0pK.wo6bwzE6,史怡安,0935950640,jbai@test.com,1,2024-04-16 12:41:37,male,台灣,雲林縣,斗六市,劉厝路,9號,,,1992/1/26
,1,$2b$10$L81Dw7iF1fbpwpKFEv3yPeUNPYyfTXOLitL3kDFfWwOF4CZtBkpCK,賀怡萱,06-25342509,xiulan46@test.com,1,2024-08-14 12:14:06,female,台灣,新竹縣,新埔鎮,關埔路,14號,,,1992/8/17
,1,$2b$10$3toivk78Pb.AurWd6AAgpOc5x.dpREAdBPTuRue7YQVVwYMtvyZ5.,董雅惠,02-59516021,xiayu@test.com,1,2024-07-26 10:33:39,female,台灣,嘉義市,東區溪,興街,35號,,,1971/6/13